date,AU_H,AU_N,AU_P,BE_H,BE_N,BE_P,BR_P,CA_H,CA_N,CA_P,CH_P,CN_P,CZ_P,DE_H,DE_N,DE_P,DK_H,DK_N,DK_P,ES_H,ES_N,ES_P,FI_H,FI_N,FI_P,FR_H,FR_N,FR_P,GB_H,GB_N,GB_P,HK_P,HU_P,ID_P,IN_P,IT_H,IT_N,IT_P,JP_H,JP_N,JP_P,KR_H,KR_N,KR_P,MX_P,MY_P,NL_H,NL_N,NL_P,NO_H,NO_N,NO_P,PL_P,PT_H,PT_N,PT_P,RU_P,SE_H,SE_N,SE_P,TH_P,TR_P,US_H,US_N,US_P,ZA_P
1999-03-31,10.0,44.3,16.5,6.1,37.0,13.7,40.2,10.8,55.5,21.0,17.0,10.1,13.7,9.5,30.9,14.0,17.4,29.2,19.9,6.1,34.2,11.8,4.6,31.3,13.3,4.9,45.2,15.2,9.1,29.5,13.9,22.0,11.5,27.3,9.0,3.0,26.7,8.8,8.8,54.8,20.0,8.5,65.9,23.4,9.0,26.7,13.9,68.0,28.0,12.2,48.5,23.2,8.2,6.6,47.2,14.0,14.8,8.9,31.7,18.4,32.4,,9.5,43.0,16.3,12.4
1999-06-30,10.1,43.5,16.4,6.0,38.3,14.0,33.0,10.7,53.6,20.6,17.2,9.9,12.8,9.6,31.3,14.2,16.8,30.1,19.9,5.4,35.2,11.3,4.5,31.5,13.3,4.9,45.6,15.3,8.9,30.7,14.0,21.2,11.4,16.3,8.5,2.9,27.3,8.9,8.7,53.6,19.6,8.4,61.7,22.3,8.6,24.9,14.2,68.1,28.1,11.3,49.5,23.0,7.9,6.6,47.6,14.1,11.4,8.9,29.4,17.1,29.2,,9.6,43.2,16.5,12.0
1999-09-30,10.3,44.3,16.6,6.1,41.0,15.2,27.3,10.6,51.6,20.2,17.2,10.1,12.3,9.6,31.7,14.3,16.3,30.6,19.8,5.4,36.7,11.8,4.6,30.6,12.9,5.0,45.7,15.5,8.9,31.5,14.1,20.8,11.1,15.7,8.6,2.8,27.2,8.9,8.8,52.7,19.5,8.4,58.0,21.4,7.7,23.7,14.5,68.7,28.6,10.8,48.1,22.5,7.9,6.6,47.7,14.0,10.0,8.9,29.9,17.3,26.2,,9.8,44.0,16.8,11.4
1999-12-31,10.5,45.3,17.1,6.0,42.2,15.5,24.3,10.7,49.2,19.7,17.1,11.2,11.2,9.5,32.8,14.5,17.2,33.6,21.8,6.1,39.2,13.1,4.7,31.1,13.3,5.0,46.2,15.8,9.2,33.4,14.7,20.3,11.0,11.3,9.0,3.1,28.7,9.5,8.8,53.0,19.6,8.6,53.8,20.6,7.2,21.8,14.9,69.0,28.9,10.5,46.1,22.2,7.8,6.8,47.4,14.1,9.1,9.1,30.3,17.7,24.0,,9.9,44.6,17.0,10.9
2000-03-31,10.8,46.4,17.5,6.0,42.6,15.8,19.2,10.9,49.7,20.4,16.7,11.2,10.2,9.7,33.8,15.0,16.5,32.9,20.7,5.6,40.1,12.7,4.7,32.1,13.7,4.9,47.0,16.0,9.3,34.4,14.9,19.9,10.8,9.4,9.0,3.2,27.7,9.3,8.8,50.9,19.1,9.2,51.1,20.5,6.7,20.1,14.9,69.2,29.0,10.4,43.0,21.8,7.9,6.9,48.7,14.3,7.6,9.1,31.9,18.5,22.7,,10.0,45.4,17.3,10.2
2000-06-30,11.4,45.5,18.0,5.9,42.3,15.9,18.8,11.1,49.2,20.6,16.8,10.9,9.8,9.7,34.7,15.2,16.8,33.1,20.7,5.6,42.1,13.0,4.9,33.2,14.1,4.9,48.2,16.3,9.5,36.5,15.4,19.5,10.8,8.7,9.1,3.4,28.2,9.6,8.8,48.6,18.7,9.5,49.2,20.3,6.4,19.2,15.1,69.7,29.4,10.7,40.2,21.6,8.7,7.3,48.2,14.6,6.0,9.1,28.6,17.4,20.8,,10.0,46.2,17.5,9.7
2000-09-30,11.4,45.1,18.0,5.8,43.1,16.2,17.6,11.2,49.1,20.8,16.7,11.0,9.8,9.7,34.9,15.3,17.0,34.0,21.2,5.9,44.5,13.8,5.1,34.9,14.8,4.9,50.1,16.8,9.5,37.3,15.7,20.1,10.7,7.6,9.2,3.5,28.3,9.8,8.8,47.4,18.6,9.9,48.0,20.3,5.9,18.3,15.3,69.4,29.6,11.7,39.1,22.2,8.5,7.8,49.9,15.2,5.1,9.0,30.0,18.2,18.6,,10.0,46.6,17.6,9.7
2000-12-31,11.5,45.7,18.2,5.8,43.4,16.4,17.5,11.2,47.9,20.3,16.9,11.2,9.3,9.7,36.4,15.7,17.4,36.7,23.2,6.0,44.5,13.9,5.3,35.6,15.3,4.9,49.4,16.8,9.6,36.6,15.6,19.6,10.8,7.1,9.5,3.6,28.8,10.0,8.8,46.2,18.5,10.1,46.7,20.1,5.7,17.7,15.5,70.6,30.1,12.2,36.6,21.9,8.7,8.4,51.1,15.9,4.9,9.1,32.4,19.3,17.7,,10.0,47.0,17.6,9.4
2001-03-31,11.2,45.5,17.9,5.7,43.0,16.2,17.3,11.1,48.2,20.3,17.6,10.2,9.3,9.7,34.7,15.6,18.2,34.0,22.0,6.0,45.5,14.2,5.5,34.7,15.7,4.9,50.3,17.1,9.5,37.9,15.8,19.4,10.8,6.8,9.6,3.6,28.7,10.0,8.8,45.2,18.4,10.3,45.9,20.0,5.5,17.3,15.5,67.7,30.2,12.4,36.1,22.0,8.8,8.9,52.9,16.7,4.6,9.1,32.3,19.2,17.1,,10.0,47.0,17.5,9.2
2001-06-30,10.7,45.1,17.2,5.6,45.0,16.7,18.4,10.9,47.5,20.3,17.3,10.4,9.3,9.6,33.4,15.4,17.5,35.7,22.5,6.1,45.8,14.4,5.4,33.5,15.4,4.9,50.3,17.2,9.4,37.0,15.5,18.8,10.4,6.6,9.4,3.6,28.4,10.0,8.8,44.3,18.2,10.5,44.4,19.6,5.0,17.4,15.4,66.1,29.8,12.5,36.3,22.3,8.8,9.3,54.4,17.3,4.6,9.1,34.1,19.8,15.7,,10.0,47.1,17.4,9.0
2001-09-30,10.9,44.5,17.3,5.5,44.8,16.7,22.6,10.7,47.4,20.0,17.0,10.4,8.1,9.6,32.3,15.3,17.2,36.1,22.4,6.4,47.7,15.0,5.3,32.9,15.2,4.9,50.5,17.2,9.4,37.1,15.6,18.3,10.5,5.8,9.2,3.5,28.9,10.0,8.9,44.1,18.2,10.6,43.4,19.3,4.7,17.7,15.2,66.1,29.4,12.7,36.0,22.3,9.1,9.4,54.4,17.5,4.9,9.1,35.2,19.9,15.4,,9.9,47.0,17.2,9.1
2001-12-31,10.6,42.4,16.6,5.4,45.4,16.6,22.7,10.5,47.2,19.9,16.7,10.4,7.9,9.5,31.4,15.1,16.7,39.5,23.9,6.4,48.5,15.1,5.1,31.1,14.2,4.9,50.5,17.1,9.4,36.7,15.5,17.4,10.3,5.6,9.2,3.4,29.6,10.1,9.0,44.3,18.4,10.7,41.5,18.7,4.4,17.9,15.4,65.4,29.4,12.8,37.2,22.6,8.6,9.3,55.8,17.5,5.0,9.0,37.7,20.8,14.7,,9.9,46.7,17.0,9.3
2002-03-31,10.8,41.4,16.4,5.4,45.5,16.8,22.0,10.3,49.3,20.3,16.8,11.0,7.7,9.4,32.0,15.0,16.7,37.9,22.4,6.3,48.7,15.0,4.9,33.6,14.7,4.9,50.9,17.0,9.3,36.8,15.6,17.0,9.7,5.2,9.3,3.4,29.5,10.0,9.0,43.8,18.2,10.7,40.4,18.4,4.1,17.9,15.2,65.2,29.0,12.3,38.7,22.7,8.4,9.1,56.2,17.4,4.9,9.0,37.5,20.7,15.1,14.5,9.8,46.2,16.8,8.8
2002-06-30,11.5,41.2,17.1,5.4,46.9,17.1,21.5,10.3,49.1,20.0,16.5,11.2,7.4,9.3,32.3,15.1,16.7,36.1,22.0,6.4,48.2,15.0,5.1,32.8,14.7,4.9,49.5,16.7,9.4,36.6,15.5,16.4,9.8,4.9,9.7,3.5,30.3,10.2,8.9,42.9,18.0,10.8,39.1,18.2,4.0,17.8,15.3,65.5,28.8,12.5,39.8,22.8,8.4,8.9,57.0,17.2,5.4,9.1,36.4,19.5,14.5,11.5,9.7,45.6,16.6,8.8
2002-09-30,12.1,41.7,17.6,5.5,46.3,16.7,25.6,10.4,48.9,20.1,16.2,11.4,7.3,9.3,32.4,15.1,16.9,36.1,22.1,6.5,48.5,15.1,5.2,32.1,14.4,4.9,49.1,16.6,9.6,37.4,16.0,16.0,9.7,4.9,9.4,3.5,29.4,10.0,8.9,41.4,17.7,10.7,38.1,18.0,3.8,17.4,15.6,64.7,29.1,13.3,41.4,23.6,8.4,8.8,57.8,17.3,5.0,9.1,39.0,21.1,14.4,10.6,9.7,45.0,16.5,8.8
2002-12-31,12.3,41.0,17.7,5.5,44.8,16.2,27.4,10.6,48.2,20.1,16.1,11.5,7.4,9.4,32.9,15.3,16.8,37.3,23.0,6.3,48.3,15.2,5.2,31.2,14.0,4.8,49.0,16.5,9.8,36.8,16.0,15.6,9.4,4.9,9.3,3.4,29.7,10.1,8.9,41.1,17.7,10.5,37.4,17.7,3.7,17.1,15.8,64.2,29.0,13.6,42.0,23.8,8.0,8.8,58.3,17.5,5.1,9.1,36.6,19.7,14.0,9.8,9.7,44.1,16.3,8.6
2003-03-31,12.6,40.1,17.8,5.5,43.5,16.1,29.0,10.4,45.4,19.2,16.1,11.8,7.0,9.3,33.0,15.2,16.5,36.2,22.0,6.4,48.0,15.1,5.2,30.1,13.8,4.8,48.8,16.4,9.8,35.2,15.7,15.2,9.2,4.7,9.3,3.4,29.4,10.0,8.9,40.2,17.5,10.2,37.6,17.5,3.6,16.7,15.5,63.9,28.8,13.0,42.3,23.6,7.7,8.7,58.0,17.5,5.2,9.2,37.2,20.1,13.7,10.0,9.7,43.4,16.2,9.3
2003-06-30,12.8,38.9,17.8,5.5,44.3,16.3,27.1,10.5,44.8,19.3,16.1,12.4,6.6,9.3,34.2,15.2,16.5,36.7,22.0,6.8,47.8,15.4,5.1,32.3,14.1,4.8,47.4,16.3,9.9,34.7,15.7,15.5,9.6,4.4,9.0,3.5,29.2,10.0,8.8,39.3,17.2,9.9,37.6,17.2,3.4,16.6,15.7,63.3,28.9,12.6,42.5,23.3,7.2,8.6,54.1,17.1,5.2,9.1,37.2,20.3,13.5,8.9,9.8,42.8,16.2,9.3
2003-09-30,13.3,38.0,18.0,5.5,44.4,16.4,23.6,10.8,43.8,19.2,16.1,12.6,6.3,9.2,34.2,15.2,16.5,36.5,21.9,6.8,47.7,15.4,5.1,32.2,14.1,4.8,46.7,16.1,10.1,34.4,15.8,15.3,9.6,4.2,8.6,3.5,29.0,9.9,8.8,38.4,17.0,9.5,37.3,16.9,3.3,16.5,15.9,63.4,29.0,11.3,40.6,21.7,6.8,8.4,50.2,16.5,5.3,9.1,34.2,18.8,13.0,7.7,9.8,42.2,16.0,9.3
2003-12-31,13.5,38.3,18.3,5.5,44.8,16.7,20.6,10.8,42.5,18.9,16.1,12.4,6.1,9.1,34.1,15.1,16.7,37.8,22.9,6.9,49.8,15.8,5.2,32.2,14.1,4.8,45.6,15.9,10.2,33.8,15.8,15.1,10.5,4.2,8.5,3.6,29.7,10.2,8.8,38.2,16.9,9.2,36.5,16.5,3.2,16.1,16.1,65.9,30.1,11.2,39.2,21.1,6.4,8.3,49.7,16.4,5.4,9.2,33.7,18.8,12.4,6.7,9.8,41.7,15.9,9.1
2004-03-31,14.2,38.2,18.9,5.5,45.3,16.9,18.4,10.9,43.9,19.4,16.3,12.7,6.2,9.0,32.4,14.7,16.7,35.2,21.7,6.8,50.7,15.9,5.2,33.1,14.1,4.8,45.4,15.8,10.5,34.3,16.1,15.0,10.8,3.9,8.7,3.7,29.3,10.2,8.7,36.7,16.5,8.7,35.8,16.1,3.1,16.2,16.3,62.3,29.7,11.0,39.5,21.0,6.3,8.4,50.1,16.6,5.6,9.3,34.0,19.0,12.4,6.2,9.8,41.4,15.9,8.5
2004-06-30,14.2,38.9,18.9,5.5,44.9,17.0,18.0,11.0,42.8,19.3,15.7,12.3,6.0,9.0,31.0,14.4,16.6,33.9,21.5,7.2,52.2,16.5,5.3,31.5,14.0,4.9,43.9,15.6,10.8,33.9,16.2,14.5,11.5,4.2,8.5,3.8,29.9,10.4,8.6,35.6,16.1,8.5,34.3,15.7,3.0,16.2,16.2,59.1,29.0,11.1,39.5,21.2,6.0,8.5,50.6,16.7,5.7,9.3,35.9,18.9,12.4,6.5,9.9,41.0,15.9,8.1
2004-09-30,14.5,40.1,19.3,5.5,45.4,17.2,17.5,11.0,42.3,19.2,15.6,12.1,6.0,8.9,30.0,14.2,16.6,35.8,22.3,7.3,52.6,16.6,5.5,31.1,14.0,4.9,44.2,15.6,11.2,34.8,16.6,14.4,11.8,4.0,8.4,3.9,29.7,10.5,8.6,34.6,15.8,8.6,33.2,15.5,3.0,15.8,16.5,57.2,29.0,11.2,39.2,21.3,5.8,8.6,51.0,16.8,5.5,9.4,36.2,19.1,12.8,6.6,10.0,40.7,16.0,8.1
2004-12-31,14.6,41.8,19.6,5.6,45.8,17.3,16.8,11.0,41.4,19.0,15.5,12.1,5.8,8.9,29.0,13.9,16.5,40.1,24.3,7.4,53.7,17.2,5.6,29.9,13.7,4.9,44.4,15.7,11.5,35.2,16.9,14.5,12.3,4.0,8.9,3.9,30.7,10.8,8.5,34.5,15.8,9.0,31.6,15.3,3.0,15.4,16.6,55.9,29.0,11.2,37.9,21.0,5.4,8.6,51.4,16.9,5.4,9.5,35.3,19.0,12.5,6.0,10.2,40.6,16.1,8.2
2005-03-31,14.7,42.2,19.7,5.6,45.5,17.3,17.5,11.2,40.0,19.0,15.4,12.0,5.8,8.8,29.2,13.8,16.5,39.2,23.1,7.7,54.4,17.6,5.7,29.3,13.6,5.0,44.9,15.8,11.7,35.0,17.0,14.8,12.8,3.8,9.2,3.9,31.1,10.8,8.3,35.6,15.8,9.6,31.4,15.6,3.1,15.0,16.8,55.1,29.0,11.1,36.8,20.8,5.2,8.6,50.8,16.8,5.0,9.6,36.3,19.7,12.6,5.6,10.3,40.5,16.3,8.1
2005-06-30,15.0,43.8,20.1,5.7,45.5,17.2,17.8,11.4,40.8,19.5,15.4,11.7,5.8,8.7,29.2,13.9,16.8,41.3,23.9,8.1,55.7,18.2,5.8,30.7,14.0,5.1,43.7,15.8,11.8,35.7,17.3,15.6,12.9,3.8,9.3,4.0,30.3,10.9,8.2,35.1,15.6,10.2,31.4,15.9,3.1,14.6,17.2,56.2,29.8,11.0,35.6,20.5,5.2,8.6,52.4,17.0,5.0,9.6,31.9,18.4,12.8,5.2,10.5,40.3,16.6,8.2
2005-09-30,15.2,44.4,20.5,5.8,45.0,17.1,17.9,11.6,38.5,19.0,15.2,11.6,5.8,8.6,29.4,13.9,17.1,42.5,24.7,8.1,57.4,18.5,5.9,29.9,13.8,5.2,43.7,15.9,11.9,36.0,17.6,15.8,12.6,4.2,9.9,4.1,30.0,10.9,8.2,35.5,15.7,10.6,31.4,16.1,3.1,14.7,17.1,53.3,29.3,11.1,34.2,20.2,5.1,8.7,52.6,17.0,5.4,9.6,31.8,18.4,12.9,5.0,10.8,40.2,16.8,8.2
2005-12-31,15.4,44.8,20.8,5.8,44.1,16.9,17.7,11.6,36.6,18.5,15.4,11.4,5.7,8.6,29.1,13.8,17.3,42.9,24.9,8.4,59.0,19.0,6.2,30.1,14.1,5.3,44.1,16.0,12.0,36.2,17.8,16.4,12.4,4.0,10.1,4.3,30.4,11.0,8.3,35.6,15.7,10.8,31.6,16.2,3.2,14.7,17.4,50.0,28.8,11.4,33.5,20.3,5.1,8.8,51.6,17.1,6.3,9.7,32.2,18.6,13.2,5.8,10.9,40.1,17.1,8.3
2006-03-31,15.5,45.0,21.0,5.9,42.8,16.7,17.4,11.9,37.3,18.9,14.9,11.8,5.9,8.5,28.9,13.8,17.6,43.4,25.4,8.7,60.5,19.5,6.2,30.0,14.0,5.3,44.3,16.2,12.0,36.6,17.8,16.7,12.1,3.8,11.2,4.4,29.9,10.9,8.2,35.5,15.6,10.8,32.1,16.2,3.1,14.3,17.2,49.2,28.5,11.7,32.6,20.4,5.0,9.0,51.2,17.3,6.0,9.7,30.5,18.0,13.3,6.1,11.1,40.0,17.2,8.6
2006-06-30,15.9,45.8,21.5,5.9,44.3,16.8,16.8,12.1,35.7,18.5,14.8,12.1,6.0,8.4,28.9,13.8,17.7,39.6,24.8,9.2,60.9,20.4,6.5,30.6,14.8,5.4,43.5,16.2,12.1,37.6,18.1,17.4,12.6,3.8,11.1,4.6,30.8,11.1,8.1,35.3,15.4,10.9,32.9,16.5,3.2,14.4,17.4,49.4,28.4,12.3,32.0,20.8,5.2,9.1,51.3,17.4,6.3,9.8,32.7,18.8,13.6,6.6,11.2,40.5,17.4,8.7
2006-09-30,16.3,46.9,22.1,5.9,43.3,16.8,16.0,12.3,37.4,19.2,14.9,12.2,6.0,8.4,29.0,13.9,18.4,38.5,24.8,9.5,62.8,21.2,6.7,31.4,15.2,5.5,43.6,16.3,12.4,39.0,18.7,17.6,12.5,3.7,11.7,4.7,31.3,11.2,8.1,35.7,15.5,11.0,33.7,16.9,3.1,14.3,17.8,52.0,29.3,13.0,32.0,21.3,5.4,9.5,51.3,17.7,6.1,10.0,32.6,19.0,13.8,8.2,11.3,40.7,17.6,9.2
2006-12-31,16.7,47.7,22.6,6.0,42.8,16.8,15.9,12.5,39.0,19.6,15.4,11.9,6.1,8.3,28.4,13.8,18.8,39.7,25.6,9.9,65.8,22.1,7.0,31.6,15.5,5.5,44.0,16.5,12.7,39.2,18.9,17.9,12.4,3.6,11.8,4.8,32.7,11.6,8.0,35.7,15.4,11.4,34.2,17.3,3.2,14.4,18.0,52.0,29.2,13.6,31.8,21.6,5.5,9.8,49.2,18.0,6.6,10.3,33.0,19.3,13.9,8.2,11.5,41.4,17.9,9.5
2007-03-31,16.8,48.0,22.8,6.1,43.2,17.0,14.6,12.6,40.9,20.1,16.2,12.2,6.2,8.2,27.7,13.6,19.7,40.9,26.4,10.1,66.5,22.6,7.2,31.3,15.5,5.6,43.8,16.6,12.9,39.2,18.9,18.3,12.4,3.4,13.0,4.9,33.4,11.8,8.0,35.3,15.3,11.7,34.9,17.7,3.2,14.2,18.3,50.8,29.1,14.2,33.6,22.6,5.5,9.9,50.1,18.3,6.6,10.5,33.7,19.6,13.7,7.8,11.5,42.1,18.1,9.7
2007-06-30,16.9,48.2,22.9,6.1,42.3,17.2,13.2,12.8,41.6,20.5,16.4,12.3,6.3,8.1,27.7,13.6,20.3,48.1,28.8,10.5,69.0,23.5,7.4,31.1,15.7,5.7,43.3,16.7,13.0,39.2,19.0,19.6,13.1,3.2,12.8,4.9,34.5,12.0,8.0,34.2,15.1,11.8,35.2,17.9,3.2,14.2,17.9,48.3,28.5,14.6,35.8,23.5,5.7,10.2,50.9,18.8,7.5,10.5,28.2,18.4,13.6,7.9,11.6,42.8,18.3,10.0
2007-09-30,17.2,49.8,23.5,6.2,43.5,17.5,12.5,13.0,41.0,20.4,16.5,12.7,6.5,8.1,27.2,13.5,21.0,49.1,29.4,11.0,70.1,24.5,7.7,30.5,15.8,5.8,43.2,16.8,13.3,40.3,19.5,20.5,13.6,3.2,13.2,5.0,35.7,12.4,7.9,34.5,15.1,11.6,35.4,18.0,3.3,14.5,18.1,45.8,28.1,15.1,37.1,24.2,6.0,10.3,51.4,19.1,7.9,10.7,29.3,19.1,13.3,8.0,11.6,43.6,18.5,10.3
2007-12-31,17.5,51.3,24.0,6.3,44.4,17.8,12.0,13.3,40.5,20.5,16.7,12.5,6.7,8.0,27.7,13.6,21.4,51.1,30.2,11.1,69.6,24.5,7.8,30.7,16.1,5.9,42.9,16.9,13.3,41.0,19.6,19.7,14.4,3.3,13.4,5.2,38.6,13.2,7.9,34.8,15.2,11.3,35.6,17.9,3.5,13.9,18.2,46.6,28.3,15.6,38.9,25.2,6.2,10.5,53.1,19.7,8.3,10.9,30.0,19.4,13.1,8.0,11.6,44.2,18.5,10.6
2008-03-31,17.8,53.0,24.5,6.4,44.5,18.2,13.8,13.3,40.6,20.6,16.7,12.6,6.9,7.9,27.8,13.5,21.6,52.2,30.7,11.2,68.9,24.6,8.0,31.2,16.2,5.9,43.8,17.1,13.2,40.5,19.6,19.7,14.7,3.3,14.4,5.1,40.3,13.5,7.8,34.2,15.0,10.7,36.7,17.9,3.5,13.3,18.4,48.3,29.1,16.0,40.3,26.3,6.4,10.6,56.1,20.3,8.6,11.2,30.6,19.7,13.0,8.6,11.4,44.4,18.4,11.2
2008-06-30,18.2,53.1,24.9,6.4,43.5,18.3,14.4,13.3,38.4,20.0,17.1,12.5,7.2,7.8,28.1,13.5,22.0,50.4,31.1,11.3,66.8,24.6,8.1,33.2,16.9,6.0,44.4,17.3,13.1,39.3,19.3,19.9,14.0,3.5,14.2,5.2,40.2,13.5,7.7,34.8,15.0,10.5,37.5,18.0,3.5,13.2,18.3,50.2,29.3,16.5,40.6,26.9,6.7,10.7,57.0,20.8,8.8,11.3,36.1,21.6,13.0,9.1,11.2,44.6,18.1,11.3
2008-09-30,17.8,52.2,24.4,6.5,44.7,18.8,16.7,13.2,38.2,20.0,17.2,12.3,7.4,7.8,28.7,13.5,22.4,50.6,31.0,11.6,64.1,24.5,8.4,35.0,17.8,6.1,45.2,17.5,13.3,38.7,19.3,19.9,14.8,3.6,14.9,5.3,41.1,13.8,7.6,35.0,15.0,10.3,38.8,18.3,3.6,13.5,18.5,51.6,29.7,16.8,40.9,27.4,7.1,10.7,57.0,20.9,9.2,11.5,37.7,22.5,13.1,9.7,11.0,44.3,17.9,11.5
2008-12-31,17.0,50.2,23.4,6.5,47.3,19.3,20.0,12.9,39.9,20.3,16.9,10.9,7.8,7.8,29.7,13.8,23.4,50.7,31.2,11.3,61.9,23.9,8.2,37.9,18.6,6.2,45.5,17.5,13.0,41.1,19.6,19.1,16.1,3.8,15.4,5.1,41.2,13.6,7.6,36.3,15.3,10.3,40.0,18.8,3.8,13.7,19.2,51.6,30.1,16.6,41.9,27.7,8.0,10.6,61.0,21.2,11.2,11.5,39.2,22.7,13.4,11.0,10.8,43.7,17.5,11.5
2009-03-31,16.4,46.7,22.3,6.5,49.4,19.3,17.9,12.7,40.6,19.7,17.0,12.2,7.6,7.7,30.7,13.8,22.8,49.2,30.7,11.3,61.8,24.0,7.5,39.3,18.4,6.3,45.6,17.5,12.1,39.9,18.4,18.0,19.0,3.7,15.7,5.0,41.5,13.1,7.5,37.0,15.3,10.8,40.4,19.1,3.8,13.9,19.4,54.4,30.9,15.2,42.5,27.0,8.3,10.2,61.1,20.8,13.1,10.8,42.2,23.5,13.1,10.3,10.6,43.0,17.2,11.5
2009-06-30,15.7,43.7,21.2,6.6,53.3,19.7,16.1,12.6,44.1,20.4,17.3,13.1,7.7,7.7,31.3,13.8,22.4,54.1,31.8,11.0,59.8,23.0,7.2,40.0,18.0,6.2,46.1,17.4,11.7,38.7,17.6,18.4,18.0,3.5,14.7,5.0,43.3,13.1,7.4,37.6,15.3,11.3,40.4,19.3,3.7,14.1,19.5,54.0,30.9,14.6,44.2,26.9,8.1,9.5,60.4,20.0,12.1,10.4,45.6,22.8,13.0,8.5,10.6,42.8,17.0,10.9
2009-09-30,15.9,42.9,21.1,6.7,53.9,19.9,15.0,12.7,46.3,20.6,17.3,13.5,7.7,7.7,30.9,13.7,22.3,57.2,32.5,10.5,57.3,22.3,7.0,38.6,17.0,6.3,45.8,17.2,11.7,40.0,17.8,18.2,17.9,3.4,14.3,4.9,42.4,12.8,7.4,38.2,15.4,11.4,40.5,19.5,3.6,14.7,19.8,55.9,31.6,14.4,45.2,26.7,7.8,9.2,59.7,19.7,12.0,10.3,47.1,22.8,12.9,8.0,10.5,42.5,16.9,10.5
2009-12-31,16.2,42.7,21.3,6.6,51.4,19.6,14.6,12.8,46.1,20.6,17.5,13.6,7.7,7.7,30.3,13.5,21.5,56.6,31.8,10.2,55.5,21.8,6.8,38.5,16.8,6.3,45.5,17.2,11.6,38.6,17.5,17.4,18.1,3.4,13.6,4.9,40.9,12.6,7.4,38.3,15.3,11.4,39.8,19.5,3.5,14.8,19.9,55.3,31.4,14.3,46.0,26.6,7.5,9.0,57.9,19.1,11.5,10.3,47.6,23.2,12.6,7.1,10.4,41.9,16.7,10.3
2010-03-31,16.6,43.1,21.5,6.7,50.3,19.5,13.7,12.7,45.6,20.6,17.4,13.9,7.6,7.6,29.6,13.4,21.2,59.3,32.1,9.7,54.5,21.4,6.7,38.3,16.5,6.4,45.3,17.1,11.4,38.7,17.3,17.6,17.6,3.2,13.7,5.0,40.4,12.7,7.3,36.6,15.0,11.2,38.3,19.1,3.4,14.3,19.8,56.5,31.6,14.1,46.3,26.5,7.5,9.0,55.8,18.8,10.2,10.3,45.8,22.4,11.9,7.0,10.2,41.3,16.5,10.0
2010-06-30,17.1,42.1,21.9,6.7,50.9,19.5,13.3,12.8,43.9,20.3,17.5,14.1,7.6,7.6,29.4,13.4,20.7,59.4,31.7,9.4,55.7,21.5,6.8,38.6,16.7,6.4,45.3,16.9,11.3,37.8,17.0,18.5,18.0,3.3,13.3,5.0,40.3,12.7,7.2,35.3,14.8,11.1,36.9,18.8,3.3,14.2,20.3,57.5,32.4,14.1,47.6,26.9,7.7,9.1,54.6,18.8,9.4,10.4,44.7,22.2,11.7,7.3,10.1,40.2,16.2,9.8
2010-09-30,16.9,41.5,21.6,6.7,48.5,19.1,13.8,12.8,43.1,20.4,17.2,14.1,7.5,7.5,29.5,13.4,20.1,56.9,30.7,9.4,56.4,21.5,6.7,38.8,16.6,6.3,45.2,16.9,11.2,37.2,16.9,19.5,16.6,3.3,13.3,5.1,40.1,12.8,7.2,33.8,14.5,11.1,35.6,18.5,3.3,14.1,20.1,55.7,32.3,14.2,47.8,27.0,7.5,9.1,53.2,18.6,8.7,10.6,43.7,22.5,11.5,7.1,9.9,39.2,15.9,9.6
2010-12-31,17.2,40.3,21.6,6.7,47.3,18.9,14.0,12.8,41.3,19.9,17.0,14.4,7.4,7.4,29.0,13.2,19.7,55.9,30.0,9.5,56.2,21.5,6.7,37.1,16.2,6.4,46.4,17.2,11.1,35.3,16.5,19.3,16.1,3.4,14.1,5.1,40.0,12.9,7.1,33.0,14.4,11.1,34.4,18.2,3.2,14.3,20.4,53.5,32.0,14.3,47.7,27.0,7.5,9.3,53.5,19.1,8.0,10.8,42.4,22.7,11.8,7.2,9.7,38.4,15.6,9.2
2011-03-31,17.0,40.0,21.3,6.7,47.3,19.0,15.9,12.9,40.6,19.9,17.4,14.7,7.3,7.3,27.9,12.9,19.2,54.4,29.3,9.2,55.9,21.2,6.8,38.0,16.5,6.4,46.6,17.3,11.1,33.8,16.3,20.3,15.2,3.3,14.5,5.2,39.8,12.9,7.1,32.8,14.3,11.0,34.5,18.2,3.2,14.2,20.2,52.3,31.6,14.3,48.0,27.1,7.4,9.3,54.5,19.5,7.5,11.1,41.2,22.1,12.0,7.4,9.5,38.2,15.4,8.9
2011-06-30,17.1,39.7,21.3,6.7,47.5,19.2,17.1,12.8,40.4,19.9,17.1,14.9,7.4,7.3,27.5,12.8,18.8,51.9,28.4,9.3,56.5,21.4,6.8,38.8,16.7,6.4,47.4,17.5,11.0,33.4,16.2,20.7,15.2,3.5,14.6,5.3,39.8,13.0,7.1,33.2,14.2,10.9,34.8,18.3,3.2,14.4,20.0,53.4,31.8,14.4,47.6,27.1,7.6,9.4,56.0,20.0,7.3,11.3,40.9,22.3,12.4,8.3,9.3,38.0,15.2,8.6
2011-09-30,17.0,39.4,21.1,6.7,47.4,19.4,16.8,12.9,41.0,20.4,17.2,15.0,7.4,7.3,27.5,12.8,18.9,53.3,28.8,9.1,56.4,21.3,6.9,39.4,16.8,6.5,48.5,17.8,10.9,33.4,16.2,20.8,15.7,3.6,14.7,5.3,39.8,13.1,7.0,33.8,14.3,10.8,35.6,18.4,3.4,14.6,20.4,55.1,32.7,14.6,46.7,27.0,7.9,9.6,56.5,20.5,7.5,11.5,42.2,22.9,12.7,9.6,9.2,38.0,15.0,8.4
2011-12-31,16.5,38.5,20.6,6.9,47.7,19.6,16.8,12.9,40.4,20.3,17.3,15.1,7.5,7.2,27.9,12.9,19.3,52.9,29.1,9.2,56.6,21.3,7.0,40.4,17.2,6.5,49.2,18.0,10.8,32.5,15.9,20.1,15.9,3.7,15.4,5.3,40.1,13.2,7.0,34.2,14.3,10.6,35.4,18.2,3.4,14.8,20.2,57.2,33.3,14.9,45.9,26.9,8.0,9.6,58.7,20.7,8.0,11.6,42.6,22.8,13.4,10.2,9.0,37.9,14.9,8.3
2012-03-31,16.7,37.9,20.6,7.0,48.5,20.0,16.8,12.8,41.2,20.4,17.3,15.5,7.4,7.1,27.7,12.7,18.9,54.3,29.3,9.2,57.0,21.3,7.0,41.5,17.4,6.5,50.3,18.1,10.7,34.7,16.3,20.2,15.5,3.7,15.7,5.3,40.7,13.2,7.0,33.7,14.2,10.3,35.6,18.0,3.3,14.3,20.3,59.7,34.1,15.0,47.5,27.8,8.0,9.5,60.5,20.8,8.0,11.6,45.3,23.7,13.7,10.7,8.9,37.6,14.8,8.3
2012-06-30,16.3,37.4,20.3,7.1,50.4,20.3,16.0,12.8,42.0,20.7,17.3,15.5,7.6,7.1,28.2,12.7,19.0,54.9,29.5,9.2,56.6,21.3,7.0,41.1,17.2,6.6,52.3,18.3,10.6,35.1,16.2,20.2,15.5,3.8,15.5,5.3,41.2,13.1,7.0,32.5,13.9,10.1,35.8,18.0,3.3,14.9,20.4,60.9,34.6,15.1,46.0,27.4,8.1,9.3,60.7,20.7,8.4,11.4,45.8,23.6,13.9,10.4,8.8,37.5,14.6,8.3
2012-09-30,16.2,37.7,20.2,7.0,51.0,20.3,15.0,12.8,42.7,20.7,17.5,15.6,7.7,7.0,28.6,12.7,18.5,52.8,28.9,9.0,56.0,20.9,6.8,41.3,17.0,6.5,53.0,18.3,10.6,35.3,16.3,20.2,14.9,3.8,15.8,5.2,41.6,13.1,6.9,32.7,14.0,10.1,35.9,18.0,3.3,15.0,20.3,61.4,34.9,15.2,44.7,27.1,8.1,9.0,61.3,20.6,8.7,11.5,46.9,23.7,14.2,10.4,8.7,37.6,14.6,8.3
2012-12-31,16.0,38.3,20.1,7.0,50.9,20.1,14.6,12.7,43.7,20.9,17.6,15.8,7.8,7.0,29.0,12.7,18.5,54.3,29.0,9.1,52.2,20.2,6.7,42.2,16.9,6.6,53.9,18.4,10.6,34.6,16.0,20.1,15.2,4.0,16.0,5.1,42.1,13.1,7.0,32.8,14.0,10.2,35.1,17.8,3.3,15.1,20.5,61.5,35.0,15.3,43.7,26.9,8.2,8.9,59.7,20.5,8.9,11.2,46.2,22.9,14.0,9.5,8.5,37.5,14.4,8.3
2013-03-31,15.8,38.5,19.9,6.9,51.7,20.1,14.4,12.7,44.6,21.0,17.6,16.5,7.8,6.9,30.1,12.9,18.3,53.0,28.6,8.8,51.0,19.8,6.7,43.5,17.2,6.6,54.0,18.5,10.5,34.3,16.0,20.8,15.6,3.9,15.6,5.0,42.0,13.0,7.0,32.5,14.0,10.2,36.4,18.2,3.3,15.2,20.3,61.2,34.8,15.3,42.7,26.6,8.2,8.6,57.5,20.0,9.3,11.1,47.2,23.2,14.0,9.1,8.5,37.2,14.3,8.3
2013-06-30,15.8,39.2,20.0,6.9,52.0,20.3,14.9,12.7,45.8,21.4,17.4,16.8,7.9,6.9,30.4,13.0,18.0,54.5,28.6,8.6,49.5,19.2,6.6,44.9,17.4,6.7,53.5,18.5,10.5,34.7,16.0,22.1,14.6,4.1,15.2,4.9,42.9,12.9,7.0,31.7,13.8,10.3,36.1,18.1,3.4,15.4,20.2,62.3,35.0,15.4,42.0,26.5,8.2,8.4,58.2,19.9,10.0,11.1,46.8,23.1,14.2,9.0,8.4,37.2,14.3,8.3
2013-09-30,15.5,39.2,19.8,6.9,49.7,19.8,15.2,12.7,45.1,21.1,17.2,17.1,7.8,6.9,30.5,13.0,18.1,52.9,28.5,8.6,48.2,19.0,6.7,44.2,17.1,6.7,53.3,18.5,10.4,34.2,15.8,22.5,13.8,4.3,15.0,4.8,42.1,12.7,7.0,31.3,13.8,10.2,35.8,18.0,3.5,15.4,20.0,61.6,35.0,15.4,40.6,26.0,8.1,8.3,56.3,19.6,10.2,11.1,47.2,23.2,14.2,9.9,8.4,37.2,14.4,8.3
2013-12-31,15.4,39.7,19.9,7.0,49.1,19.8,16.0,12.6,45.3,21.2,17.3,17.1,7.8,6.8,30.6,13.0,17.9,49.6,27.8,8.4,47.9,18.7,6.7,43.9,17.1,6.6,52.7,18.5,10.3,34.3,15.6,22.3,12.8,4.5,14.7,4.7,41.0,12.5,7.0,31.2,13.8,10.2,35.2,17.8,3.6,15.6,19.7,61.3,34.7,15.4,38.9,25.3,7.9,8.3,55.9,19.4,10.4,11.1,46.6,23.1,14.4,10.2,8.5,37.2,14.5,8.2
2014-03-31,15.4,39.4,19.7,7.0,47.6,19.5,16.5,12.6,47.0,21.9,17.3,17.6,7.6,6.7,30.6,13.0,17.8,46.5,26.8,8.2,46.7,18.4,6.7,43.6,17.2,6.6,53.4,18.7,10.1,33.5,15.2,23.6,12.4,4.4,14.8,4.8,40.8,12.5,7.0,30.9,13.8,10.0,35.3,17.7,3.5,15.6,19.7,62.3,34.8,15.4,37.9,24.9,7.9,8.3,54.6,19.1,11.0,11.2,48.3,23.8,14.4,11.9,8.5,37.5,14.5,8.3
2014-06-30,15.4,40.0,19.8,7.1,47.6,19.6,16.7,12.6,46.2,21.7,17.3,18.0,7.6,6.7,31.0,13.0,17.7,43.8,26.2,8.2,47.8,18.4,6.8,41.0,16.9,6.6,53.5,18.8,10.0,31.8,14.8,24.4,12.0,4.6,14.7,4.8,40.3,12.3,7.0,30.5,13.7,9.9,35.3,17.6,3.5,15.4,19.3,64.5,35.0,15.4,37.4,24.7,7.9,8.2,53.1,18.8,11.8,11.1,47.0,23.2,14.4,12.0,8.4,37.7,14.5,8.4
2014-09-30,15.3,41.4,19.9,7.2,48.1,19.8,17.2,12.7,46.2,21.8,17.1,18.0,7.5,6.6,30.8,12.9,17.8,44.6,26.8,8.0,47.0,18.1,6.8,40.2,16.7,6.6,53.9,18.8,10.0,31.2,14.8,24.8,11.4,4.7,14.8,4.7,40.4,12.3,7.0,30.7,13.8,9.9,35.5,17.7,3.5,15.4,19.2,65.4,35.5,15.4,36.9,24.5,7.9,8.1,53.4,18.6,12.3,11.1,45.6,22.5,14.4,11.2,8.3,37.7,14.4,8.5
2014-12-31,15.2,42.5,20.0,7.3,48.8,20.1,17.9,12.7,46.5,22.0,17.1,17.7,7.5,6.6,29.6,12.5,18.0,43.5,26.7,7.9,44.0,17.4,6.8,42.2,17.2,6.6,53.9,18.9,10.0,30.8,14.7,24.0,11.0,4.8,15.0,4.6,39.5,12.0,7.1,30.7,13.8,9.9,35.4,17.6,3.6,15.6,19.3,69.0,36.5,15.3,37.4,24.5,7.8,7.9,51.8,18.4,15.9,11.1,45.9,22.7,14.5,11.4,8.3,37.8,14.4,8.4
2015-03-31,15.1,44.5,20.1,7.3,50.4,20.8,19.6,12.6,49.3,22.5,17.0,17.9,7.4,6.5,29.7,12.5,17.4,44.2,26.8,7.6,43.1,17.0,6.8,44.0,17.7,6.6,54.6,19.0,9.9,30.4,14.5,24.8,10.3,4.7,14.7,4.5,39.5,11.8,7.1,29.7,13.7,9.9,35.3,17.5,3.6,15.9,19.4,69.9,37.1,15.0,38.5,24.7,7.8,7.6,51.3,18.1,20.0,11.1,47.2,23.0,14.4,12.0,8.2,37.8,14.4,8.5
2015-06-30,15.1,46.1,20.2,7.3,47.9,20.0,20.5,12.5,51.1,22.6,16.8,17.7,7.2,6.5,29.5,12.4,16.9,42.9,26.3,7.4,41.2,16.5,6.8,44.2,17.7,6.6,52.7,18.8,9.8,29.5,14.2,24.8,10.1,4.8,14.2,4.5,39.1,11.6,7.0,28.4,13.4,9.9,34.9,17.4,3.7,16.2,19.2,68.5,36.5,14.8,39.6,24.9,7.7,7.4,51.7,17.8,17.6,11.0,47.7,22.8,14.4,12.7,8.2,38.2,14.4,8.5
2015-09-30,15.0,48.5,20.4,7.3,48.9,20.4,23.2,12.6,53.9,23.2,16.7,17.7,7.1,6.4,29.4,12.4,16.8,44.4,26.5,7.2,40.0,16.0,6.8,45.4,18.1,6.5,52.9,18.8,9.7,29.8,14.1,24.2,9.5,4.9,14.2,4.5,38.6,11.5,7.0,27.7,13.2,9.9,34.8,17.3,3.8,16.4,18.9,67.1,36.2,14.5,40.7,25.0,7.7,7.2,50.4,17.5,17.0,11.0,47.5,23.0,14.4,13.9,8.2,38.4,14.5,8.6
2015-12-31,15.1,50.3,20.7,7.3,47.7,20.1,24.1,12.6,56.8,23.7,17.0,17.8,7.1,6.4,29.2,12.3,16.7,44.6,26.4,7.3,40.8,16.0,6.8,43.4,17.7,6.5,53.3,19.0,9.6,30.4,14.1,25.2,9.2,5.0,14.0,4.4,37.4,11.3,7.0,27.3,13.2,9.9,34.5,17.2,3.8,16.5,18.9,66.1,35.9,14.4,41.6,25.1,7.6,7.0,50.7,17.3,16.9,11.1,44.6,22.5,14.4,14.2,8.1,38.9,14.5,8.9
2016-03-31,15.2,51.6,20.9,7.3,53.0,21.7,24.4,12.7,56.9,23.8,17.4,18.3,7.0,6.3,29.1,12.3,16.5,43.6,25.9,7.0,39.9,15.7,6.8,41.5,17.0,6.4,53.0,18.9,9.5,31.2,14.2,25.1,9.0,4.8,13.3,4.5,36.4,11.2,6.9,26.9,13.1,9.8,34.3,17.2,4.0,16.2,18.7,67.1,36.0,14.3,43.0,25.4,7.5,6.9,49.3,17.0,16.4,11.1,44.1,22.3,14.5,14.2,8.1,39.5,14.6,9.1
2016-06-30,15.3,52.6,21.0,7.4,55.4,22.3,23.9,12.9,57.1,24.0,17.2,18.1,7.0,6.3,28.6,12.2,16.5,45.7,26.5,7.0,38.4,15.4,6.8,41.3,16.8,6.4,54.2,19.0,9.5,33.2,14.5,25.6,8.9,4.8,13.0,4.5,35.1,11.1,6.9,27.0,13.1,9.8,33.9,17.1,4.1,16.2,18.5,67.8,35.9,14.4,44.2,25.8,7.6,6.8,47.7,16.6,15.7,11.2,42.7,22.0,14.4,14.2,8.1,40.0,14.7,9.0
2016-09-30,15.2,51.8,20.9,7.3,56.6,22.3,24.0,13.0,57.2,24.2,17.2,18.0,7.1,6.2,28.8,12.2,16.4,44.6,26.2,6.8,37.8,15.1,6.9,39.8,16.6,6.4,54.6,19.1,9.6,34.5,14.7,25.7,8.3,4.8,12.0,4.5,34.2,11.0,7.0,27.4,13.2,10.0,33.3,17.1,4.2,16.3,18.5,68.8,36.2,14.6,44.5,25.9,7.5,6.7,46.7,16.2,15.2,11.2,43.6,22.2,14.1,13.9,8.2,40.6,14.8,9.1
2016-12-31,15.2,50.3,20.8,7.3,58.1,22.5,23.7,13.1,56.1,24.3,17.3,17.9,7.1,6.2,28.8,12.2,15.9,43.4,25.8,6.7,37.7,15.0,6.9,40.1,16.6,6.4,55.0,19.2,9.6,34.1,14.8,26.2,8.2,4.8,12.0,4.4,32.7,10.7,7.0,27.7,13.3,10.3,32.6,17.1,4.4,16.5,18.1,67.2,35.7,14.7,43.4,25.6,7.7,6.5,46.7,15.9,14.7,11.3,45.4,22.4,13.9,14.2,8.2,40.7,14.8,9.1
2017-03-31,15.3,47.5,20.6,7.3,55.6,21.9,22.9,13.1,55.3,24.1,17.4,17.9,7.1,6.1,28.8,12.2,15.7,45.0,25.9,6.6,37.4,14.8,6.9,39.8,16.9,6.4,55.4,19.2,9.6,32.9,14.7,27.3,7.9,4.6,11.9,4.4,32.3,10.6,7.0,27.8,13.4,10.5,32.0,17.1,4.3,16.4,17.8,66.2,35.4,14.9,42.2,25.3,7.5,6.5,46.0,15.8,14.1,11.4,45.4,22.8,13.7,14.4,8.1,41.2,14.9,9.2
2017-06-30,15.4,45.9,20.5,7.2,55.2,21.6,20.8,13.1,54.1,24.0,17.7,17.7,7.1,6.1,29.5,12.2,15.6,42.5,25.4,6.5,36.9,14.7,7.0,40.5,17.2,6.4,57.1,19.3,9.6,32.0,14.6,28.7,7.7,4.6,12.4,4.3,31.6,10.4,7.0,27.4,13.3,10.8,31.8,17.3,4.4,16.3,17.7,65.4,35.1,15.0,41.2,25.1,7.4,6.4,46.1,15.6,13.7,11.4,44.4,22.5,13.7,14.9,8.1,41.4,14.9,9.1
2017-09-30,15.4,44.6,20.4,7.2,52.9,21.0,19.8,13.2,54.1,24.0,17.7,17.5,7.1,6.1,29.3,12.2,15.5,43.8,25.6,6.4,36.3,14.4,7.0,40.8,17.3,6.4,56.9,19.3,9.6,31.3,14.6,29.1,7.5,4.5,12.6,4.3,31.0,10.2,7.0,27.1,13.2,10.9,31.2,17.2,4.6,16.1,17.7,64.9,35.0,15.0,39.2,24.5,7.3,6.5,45.3,15.6,13.5,11.5,43.7,22.4,13.5,15.2,8.1,41.3,14.9,9.2
2017-12-31,15.4,44.5,20.5,7.2,52.4,20.9,19.2,13.2,53.7,23.9,18.0,17.2,7.1,6.0,29.4,12.2,15.4,45.6,26.0,6.4,35.3,14.1,7.0,40.5,17.3,6.4,57.6,19.4,9.5,31.8,14.6,29.9,7.3,4.5,13.3,4.3,30.6,10.1,7.1,26.9,13.3,11.0,30.9,17.2,4.8,16.0,17.6,64.2,34.8,15.0,37.8,24.0,7.2,6.4,44.8,15.4,13.1,11.5,45.2,22.7,13.5,15.5,8.1,41.0,14.9,9.1
2018-03-31,15.4,45.3,20.6,7.1,51.7,20.6,18.5,13.2,54.1,23.8,18.3,17.2,7.2,5.9,29.1,12.0,15.3,46.0,25.8,6.3,34.8,14.0,7.0,41.5,17.5,6.4,58.3,19.5,9.4,31.6,14.5,30.6,7.1,4.4,12.8,4.2,30.3,10.0,7.1,26.6,13.2,11.0,31.2,17.4,4.8,16.1,17.4,63.3,34.4,15.0,35.9,23.4,7.2,6.4,44.6,15.3,12.4,11.3,45.4,22.5,13.4,16.3,8.1,40.2,14.7,9.2
2018-06-30,15.4,45.3,20.6,7.1,50.5,20.4,18.1,13.4,54.7,24.2,17.7,17.0,7.4,5.9,28.9,12.0,15.0,48.2,25.9,6.3,34.3,14.0,7.1,38.5,17.1,6.4,57.7,19.5,9.4,31.0,14.3,30.6,7.3,4.5,12.6,4.3,30.1,10.0,7.1,26.8,13.3,11.0,31.7,17.5,5.0,16.4,17.2,60.8,33.5,15.1,34.5,23.1,7.2,6.4,44.0,15.2,12.4,11.5,46.5,22.9,13.4,17.7,8.1,39.7,14.7,9.1
2018-09-30,15.3,45.6,20.6,7.2,49.6,20.1,17.8,13.5,53.9,24.2,17.4,16.8,7.5,5.9,29.1,12.0,14.8,47.7,25.8,6.2,34.1,13.8,7.2,38.9,17.2,6.4,57.7,19.6,9.4,30.5,14.2,29.8,7.2,4.6,12.4,4.3,29.6,9.9,7.1,27.2,13.4,11.1,32.5,17.7,5.0,16.3,17.1,59.1,33.0,15.1,32.9,22.5,7.1,6.4,45.5,15.3,12.4,11.5,46.7,22.9,13.4,26.8,8.1,38.9,14.7,9.2
2018-12-31,15.4,44.6,20.5,7.2,50.1,20.2,18.0,13.7,54.5,24.3,17.3,16.6,7.7,5.9,29.0,12.0,14.8,47.3,25.8,6.3,33.9,13.7,7.1,39.0,17.0,6.4,56.8,19.5,9.4,30.1,14.2,30.4,7.0,4.7,12.4,4.2,29.4,9.8,7.2,27.7,13.5,11.1,33.0,17.9,5.1,16.3,16.9,55.9,32.0,15.2,32.7,22.5,7.0,6.3,45.0,15.0,12.4,11.5,44.7,22.3,13.5,26.4,8.1,38.6,14.7,9.1
2019-03-31,15.3,43.4,20.4,7.2,48.9,20.0,18.6,13.7,54.9,24.4,17.5,16.9,7.7,5.9,29.5,12.1,14.7,48.3,26.2,6.1,34.0,13.6,7.1,39.1,17.2,6.4,57.1,19.5,9.3,29.0,13.9,30.6,6.9,4.7,12.0,4.2,29.0,9.7,7.2,28.0,13.6,11.1,33.8,18.0,5.2,16.3,16.6,56.9,32.1,15.2,33.5,22.8,7.0,6.3,44.6,14.9,12.4,11.5,45.2,23.0,13.5,21.1,8.0,39.2,14.7,9.4
2019-06-30,15.2,42.2,20.1,7.2,47.5,19.7,18.8,13.7,55.5,24.5,17.8,16.9,7.7,5.9,30.5,12.3,14.7,49.8,26.8,6.1,33.8,13.5,7.1,39.5,17.1,6.4,55.1,19.4,9.3,29.1,14.0,31.3,7.0,4.8,11.7,4.3,29.1,9.9,7.2,28.3,13.7,11.1,34.7,18.2,5.3,16.5,16.4,58.3,32.1,15.3,35.0,23.4,6.9,6.2,45.0,14.8,12.2,11.6,48.4,23.6,13.6,21.9,8.0,39.8,14.8,9.2
2019-09-30,14.9,40.9,19.7,7.2,47.5,19.9,18.8,13.7,56.0,24.5,18.3,16.9,7.6,5.9,30.7,12.3,14.6,50.7,26.9,6.0,34.0,13.4,7.1,39.0,16.9,6.4,55.2,19.4,9.3,29.3,14.0,32.0,6.9,4.8,11.5,4.3,28.9,9.8,7.3,28.9,13.9,11.1,35.2,18.3,5.3,16.3,16.4,58.5,32.2,15.4,36.8,24.0,6.9,6.2,44.4,14.6,12.0,11.6,48.5,23.7,13.5,17.4,8.0,40.4,14.8,9.3
2019-12-31,14.7,39.5,19.4,7.2,44.4,19.3,18.1,13.7,55.8,24.6,19.0,16.8,7.5,5.9,30.9,12.3,14.4,51.0,26.8,6.0,33.4,13.2,7.1,38.3,16.9,6.5,55.3,19.5,9.3,28.6,13.8,32.5,6.9,4.8,11.5,4.3,28.7,9.8,7.3,29.7,14.1,11.0,35.4,18.2,5.2,16.3,16.2,59.7,32.1,15.4,38.1,24.4,6.8,6.1,44.1,14.3,11.8,11.6,47.6,23.6,13.6,13.4,7.9,40.6,14.7,9.1
2020-03-31,14.5,40.5,19.5,7.1,43.1,18.9,19.1,13.5,56.9,24.3,18.9,17.7,7.6,5.8,31.6,12.4,14.1,44.9,24.7,5.8,34.7,13.2,7.1,38.3,16.8,6.5,57.3,19.8,9.3,30.3,14.2,34.3,7.3,4.9,11.0,4.3,29.7,9.9,7.3,30.1,14.1,10.8,36.2,18.3,5.7,16.3,15.8,61.0,32.1,15.4,39.9,25.0,6.9,6.0,45.0,14.3,12.3,11.7,50.9,24.6,13.8,12.2,7.8,41.8,14.8,9.3
2020-06-30,14.1,37.0,18.6,7.2,44.4,19.1,17.8,12.9,58.9,24.2,19.4,18.1,7.6,5.9,33.9,12.8,14.1,45.7,24.8,6.0,40.9,14.2,7.2,41.5,17.5,6.5,65.9,21.1,9.2,33.3,14.6,34.5,7.5,4.8,11.5,4.4,32.6,10.3,7.1,33.7,14.7,10.9,36.8,18.5,5.7,17.1,15.8,61.7,32.2,15.2,41.3,25.3,6.8,6.1,50.0,14.9,12.4,12.0,51.6,25.1,14.3,12.2,7.5,43.0,14.6,9.1
2020-09-30,13.7,33.7,17.8,7.2,44.7,18.9,16.8,12.7,57.5,23.6,19.8,18.1,7.6,5.9,34.1,12.9,14.2,41.0,23.2,5.9,40.9,14.1,7.3,40.7,17.4,6.6,69.2,21.5,9.2,33.9,14.7,35.7,7.7,4.8,11.6,4.4,33.5,10.4,7.1,34.6,14.8,11.0,36.8,18.6,5.5,17.1,15.8,63.3,32.4,15.1,42.0,25.4,6.7,6.2,49.5,14.9,12.2,12.1,50.8,25.0,14.5,14.1,7.4,42.5,14.3,8.7
2020-12-31,13.5,31.9,17.3,7.2,46.5,19.5,16.6,12.6,56.3,23.5,19.7,17.8,7.5,6.0,33.9,12.9,14.4,40.9,23.7,6.2,42.6,14.5,7.3,39.5,17.3,6.6,68.6,21.4,9.3,35.2,14.9,34.4,7.8,4.6,11.6,4.4,33.7,10.4,7.2,34.7,14.9,11.2,36.2,18.6,5.1,17.1,15.6,61.9,31.8,15.0,42.7,25.6,6.6,6.2,50.5,15.0,12.2,12.2,47.7,24.5,14.9,16.8,7.3,42.3,14.1,8.3
2021-03-31,13.4,31.1,17.0,7.3,47.5,19.6,17.7,12.4,54.4,23.0,20.5,17.7,7.5,6.0,33.8,13.0,14.2,42.1,24.1,5.9,43.8,14.5,7.3,39.8,17.3,6.6,65.2,21.1,9.2,34.0,14.6,34.4,8.4,4.6,11.0,4.4,32.8,10.4,7.2,34.3,14.9,11.5,35.7,18.8,5.0,17.1,15.4,62.5,32.2,14.8,43.5,25.7,6.4,6.3,51.1,15.1,12.0,12.2,49.0,24.9,15.0,18.9,7.1,42.1,13.7,8.1
2021-06-30,13.4,31.9,17.2,7.3,45.3,19.1,16.9,12.8,52.3,23.1,20.3,17.4,7.4,5.9,31.7,12.7,14.3,42.4,24.5,5.9,42.7,14.4,7.3,38.3,17.1,6.6,60.4,20.4,9.2,31.6,14.3,34.7,8.2,4.4,10.3,4.4,30.0,10.2,7.4,32.7,15.0,11.7,35.1,18.9,4.6,16.3,15.1,59.6,31.3,14.6,43.1,25.6,6.2,6.2,46.7,14.6,11.6,12.1,47.1,24.4,14.7,18.7,7.2,41.2,13.8,7.4
2021-09-30,13.4,33.2,17.3,7.2,45.5,19.1,17.9,12.8,52.6,23.4,20.1,17.2,7.4,6.0,31.5,12.7,14.1,41.8,24.1,5.8,43.2,14.2,7.3,38.6,17.2,6.6,57.7,20.2,9.1,30.4,14.1,32.9,8.6,4.2,10.0,4.3,28.6,9.9,7.5,32.1,15.0,11.9,34.7,19.1,4.6,16.2,15.1,56.8,30.6,14.6,41.9,25.4,6.1,6.2,46.7,14.5,12.2,12.1,46.6,24.4,14.9,17.5,7.3,40.8,13.8,7.3
2021-12-31,13.4,33.5,17.3,7.1,45.2,18.7,20.3,12.8,51.6,23.2,19.7,16.9,7.7,6.0,31.4,12.7,13.9,40.0,23.5,5.8,43.5,14.1,7.3,39.1,17.3,6.6,58.7,20.3,9.0,29.1,13.9,31.5,9.1,4.1,10.2,4.3,28.0,9.9,7.5,32.0,15.0,12.0,34.8,19.3,4.5,15.9,15.0,55.9,30.3,14.7,39.1,24.7,6.1,6.2,45.9,14.4,12.2,12.1,47.3,24.9,14.8,18.8,7.3,40.5,13.9,7.0
2022-03-31,13.3,32.8,17.1,6.9,43.6,18.2,21.3,12.9,51.1,23.4,19.8,17.2,8.0,5.9,31.5,12.7,13.1,38.6,22.6,5.6,41.2,13.7,7.3,38.3,17.2,6.6,59.8,20.5,9.0,28.0,13.6,32.5,9.6,4.0,10.0,4.2,26.9,9.7,7.5,32.1,15.0,12.0,35.3,19.4,4.5,15.5,14.6,55.7,30.1,15.0,36.3,24.2,6.2,6.2,45.8,14.3,15.4,11.9,47.3,24.8,14.7,20.2,7.5,40.7,14.3,7.0
2022-06-30,13.5,31.8,17.3,6.7,42.1,17.5,23.2,13.3,48.4,22.9,19.7,17.4,8.4,5.8,31.2,12.7,12.5,38.7,22.7,5.6,39.0,13.5,7.3,37.6,17.2,6.6,57.3,20.3,9.0,27.3,13.5,32.8,10.5,4.1,9.8,4.3,26.3,9.6,7.5,32.7,15.1,12.1,36.7,19.8,4.6,14.9,14.3,57.1,30.1,15.3,34.5,23.9,6.4,6.2,45.9,14.1,13.9,11.8,46.1,24.3,14.6,19.1,7.7,40.6,14.5,7.0
2022-09-30,14.2,32.1,18.0,6.7,41.5,17.5,24.5,13.8,47.0,22.9,19.6,17.4,9.0,5.8,31.4,12.7,12.0,38.9,22.8,5.5,37.7,13.3,7.5,37.9,17.5,6.6,58.4,20.5,9.0,27.6,13.6,32.7,12.4,4.0,10.0,4.3,25.8,9.6,7.4,33.0,15.1,12.1,38.7,20.3,4.7,14.3,14.2,58.7,30.3,15.5,32.2,23.4,6.8,6.3,45.6,14.1,11.7,12.0,47.0,25.0,14.5,18.7,7.9,40.3,14.6,7.2
2022-12-31,14.8,31.3,18.4,6.7,40.2,17.5,25.5,14.1,47.1,23.3,19.3,17.4,9.2,5.7,31.5,12.7,11.9,41.3,23.8,5.6,35.5,13.1,7.7,39.0,18.2,6.5,58.2,20.3,8.9,26.8,13.4,34.3,13.2,4.0,10.1,4.4,26.1,9.8,7.4,33.1,15.2,12.1,40.4,20.8,4.8,14.3,14.2,57.4,29.8,16.1,31.9,23.7,6.7,6.4,43.6,14.0,11.7,12.1,50.9,26.2,14.5,13.6,8.0,40.1,14.7,7.4
2023-03-31,15.2,31.2,18.7,6.7,38.6,17.3,25.7,14.4,48.2,23.7,19.6,18.0,9.3,5.6,30.5,12.5,12.4,42.3,24.3,5.6,34.9,13.1,7.9,40.1,18.8,6.4,58.1,20.0,8.9,26.0,13.2,35.5,14.1,3.9,10.4,4.4,25.2,9.7,7.5,32.4,15.1,11.9,42.2,21.3,4.9,14.4,13.5,55.4,28.4,16.5,32.8,24.4,6.8,6.6,42.4,14.2,12.5,12.2,45.0,24.1,14.5,12.1,8.1,39.8,14.7,7.6
2023-06-30,15.6,31.7,19.2,6.7,38.5,17.2,25.7,14.6,50.5,24.3,19.7,18.0,9.4,5.5,29.9,12.3,12.2,43.4,24.2,5.6,34.2,13.1,8.3,41.2,19.3,6.2,55.2,19.5,8.9,26.0,13.1,36.3,14.7,4.1,10.4,4.5,25.4,9.8,7.4,31.5,15.0,12.0,42.7,21.5,5.0,14.8,13.2,55.4,28.0,17.6,34.0,25.6,6.8,6.7,42.0,14.1,12.8,12.4,46.2,24.6,14.8,13.9,8.1,39.4,14.7,7.7
2023-09-30,16.0,33.1,19.8,6.8,38.0,17.2,25.2,14.6,52.1,24.7,19.9,18.1,9.5,5.5,29.7,12.3,12.1,47.1,25.0,5.6,34.2,13.0,8.5,42.0,19.6,6.1,54.5,19.3,9.0,25.9,13.2,36.5,14.9,4.2,10.8,4.5,25.1,9.7,7.4,30.9,14.9,12.1,42.9,21.7,5.2,15.0,13.0,55.2,27.9,19.6,36.2,27.8,6.9,6.7,42.1,14.3,14.7,12.5,46.1,24.7,15.0,21.9,8.2,39.1,14.6,8.0
2023-12-31,16.2,34.0,20.0,6.8,38.5,17.5,24.3,14.6,53.1,25.0,19.6,18.0,9.7,5.5,29.4,12.2,12.4,49.9,26.2,5.7,35.0,13.2,8.6,42.3,19.8,6.1,53.5,19.2,9.0,26.8,13.3,37.3,14.2,4.3,11.0,4.5,25.6,9.8,7.4,30.6,15.0,12.2,42.2,21.5,5.3,15.3,12.9,56.3,27.9,20.5,36.4,28.3,6.7,6.7,41.6,14.1,17.2,12.6,45.3,24.5,15.2,29.8,8.2,38.7,14.5,8.1
2024-03-31,16.3,35.2,20.3,6.9,38.3,17.7,24.0,14.6,53.9,24.9,20.1,18.5,10.2,5.4,30.0,12.2,12.6,51.4,26.3,5.6,35.7,13.2,8.6,44.1,20.2,6.0,53.4,19.2,9.0,28.5,13.6,37.4,14.1,4.4,11.2,4.4,25.2,9.6,7.5,30.8,15.1,12.2,41.3,21.4,5.4,15.4,12.9,54.5,27.4,20.9,37.0,28.8,6.7,6.6,40.8,13.9,18.5,12.7,48.9,25.7,15.4,31.0,8.1,38.7,14.5,8.4
2024-06-30,16.5,36.1,20.6,6.9,38.4,17.7,24.4,14.6,54.9,25.1,20.5,18.5,10.1,5.4,30.4,12.2,12.4,50.6,25.6,5.5,35.6,13.1,8.5,45.0,20.5,6.0,55.0,19.4,9.0,28.8,13.6,35.8,14.0,4.5,11.3,4.4,25.4,9.6,7.4,31.2,15.0,12.2,40.3,21.2,5.6,15.3,12.8,54.4,27.3,21.0,36.9,28.8,6.7,6.5,41.4,13.8,18.5,12.6,47.5,25.3,15.3,34.0,8.1,38.5,14.4,8.4
2024-09-30,16.4,36.3,20.5,7.0,37.3,17.4,24.4,14.4,56.5,25.4,20.3,18.6,10.0,5.4,30.9,12.2,12.4,47.5,25.0,5.4,35.6,13.0,8.4,44.0,20.2,5.9,55.2,19.3,9.0,29.1,13.7,35.5,13.5,4.3,11.4,4.3,25.0,9.4,7.4,31.1,14.9,12.3,39.3,21.0,5.8,15.1,13.0,52.8,27.1,21.0,36.8,28.7,6.6,6.3,40.5,13.5,20.4,12.5,46.3,25.2,15.2,31.0,8.1,38.4,14.4,8.5
2024-12-31,16.4,37.7,20.7,7.0,36.9,17.4,26.1,14.2,57.1,25.3,20.1,18.5,9.8,5.4,31.4,12.2,12.4,44.4,24.3,5.3,34.1,12.6,8.2,43.3,19.7,6.0,55.8,19.4,8.9,29.3,13.7,34.7,13.2,4.3,11.6,4.3,25.4,9.3,7.4,31.7,15.1,12.2,38.4,20.7,5.9,15.3,12.9,51.1,26.7,21.1,37.1,28.9,6.6,6.2,39.7,13.1,23.6,12.1,43.5,24.1,15.2,28.7,8.0,38.0,14.2,8.4
2025-03-31,16.3,38.3,20.6,7.0,36.1,17.1,27.6,14.0,57.5,25.4,20.0,18.9,9.5,5.4,32.1,12.3,12.0,41.6,23.3,5.3,33.5,12.3,8.0,42.5,19.2,6.0,56.7,19.5,8.9,27.0,13.0,35.1,12.5,4.3,11.7,4.2,25.7,9.3,7.4,31.3,15.0,12.1,37.9,20.6,5.8,15.4,12.9,51.3,26.6,20.8,36.2,28.3,6.5,6.1,39.6,12.9,23.0,11.8,40.6,22.7,15.0,28.7,7.9,37.8,14.0,8.5
2025-06-30,15.9,39.1,20.4,7.0,36.2,17.1,28.2,14.0,57.2,25.2,19.6,18.9,9.4,5.4,32.5,12.3,12.0,40.8,23.0,5.2,33.3,12.2,7.8,40.5,18.6,6.0,56.9,19.6,8.8,26.7,12.8,35.0,12.3,4.3,11.8,4.2,25.8,9.3,7.4,31.2,15.0,12.1,37.2,20.3,5.7,15.5,12.9,50.3,26.2,21.0,36.2,28.4,6.5,6.0,38.6,12.6,23.7,11.7,42.0,22.9,14.4,31.5,7.9,37.5,14.0,8.4
2025-09-30,15.6,39.4,20.1,7.0,35.5,16.8,28.2,14.0,57.3,25.4,19.7,18.8,9.1,5.4,32.5,12.3,12.0,41.1,23.1,5.2,32.5,11.9,7.6,40.6,18.4,6.0,57.2,19.7,8.8,27.3,13.0,34.1,12.0,4.3,11.7,4.2,25.5,9.2,7.4,31.7,15.2,12.0,36.8,20.1,5.6,15.5,12.9,50.6,26.3,20.8,35.9,28.1,6.5,5.9,37.8,12.4,21.8,11.5,42.4,22.9,14.6,28.8,8.0,37.3,13.9,8.4
2025-12-31,15.5,39.8,20.1,7.0,34.8,16.6,29.3,14.0,57.3,25.5,19.7,18.8,8.9,5.4,32.2,12.2,11.9,43.0,23.7,5.1,32.6,11.9,7.5,39.7,18.1,6.0,58.0,19.8,8.8,28.2,13.1,33.6,11.8,4.4,12.2,4.2,25.6,9.2,7.5,32.3,15.4,11.8,36.4,19.9,5.4,15.5,13.0,50.2,26.2,20.7,36.0,28.1,6.3,5.9,37.0,12.2,20.8,11.4,42.7,22.8,13.6,27.0,8.0,36.9,13.9,8.3
2026-03-31,15.7,40.2,20.3,7.1,34.5,16.6,29.8,14.0,57.3,25.5,20.0,19.1,9.0,5.4,32.1,12.2,11.9,42.1,23.1,5.1,32.4,11.7,7.4,38.5,17.8,6.0,58.2,19.9,8.8,27.3,12.9,34.3,11.5,4.2,12.5,4.2,25.5,9.2,7.5,32.5,15.5,11.5,35.4,19.3,5.3,15.5,13.1,49.8,26.1,20.9,36.2,28.3,6.3,5.9,36.7,12.2,20.4,11.4,44.7,23.3,13.4,25.8,8.0,36.9,13.8,8.3
