series,mean,start,end,n_obs,complete
AU_H,15.6725,2006-06-30 00:00:00,2026-03-31 00:00:00,80,True
AU_N,41.448750000000004,2006-06-30 00:00:00,2026-03-31 00:00:00,80,True
AU_P,20.4575,2006-06-30 00:00:00,2026-03-31 00:00:00,80,True
BE_H,6.902500000000001,2006-06-30 00:00:00,2026-03-31 00:00:00,80,True
BE_N,46.37,2006-06-30 00:00:00,2026-03-31 00:00:00,80,True
BE_P,19.122499999999995,2006-06-30 00:00:00,2026-03-31 00:00:00,80,True
BR_P,19.192500000000003,2006-06-30 00:00:00,2026-03-31 00:00:00,80,True
CA_H,13.161249999999999,2006-06-30 00:00:00,2026-03-31 00:00:00,80,True
CA_N,49.061249999999994,2006-06-30 00:00:00,2026-03-31 00:00:00,80,True
CA_P,22.53125,2006-06-30 00:00:00,2026-03-31 00:00:00,80,True
CH_P,18.003750000000004,2006-06-30 00:00:00,2026-03-31 00:00:00,80,True
CN_P,16.2975,2006-06-30 00:00:00,2026-03-31 00:00:00,80,True
CZ_P,7.75,2006-06-30 00:00:00,2026-03-31 00:00:00,80,True
DE_H,6.56,2006-06-30 00:00:00,2026-03-31 00:00:00,80,True
DE_N,29.98,2006-06-30 00:00:00,2026-03-31 00:00:00,80,True
DE_P,12.755,2006-06-30 00:00:00,2026-03-31 00:00:00,80,True
DK_H,16.59,2006-06-30 00:00:00,2026-03-31 00:00:00,80,True
DK_N,47.21875,2006-06-30 00:00:00,2026-03-31 00:00:00,80,True
DK_P,26.78125,2006-06-30 00:00:00,2026-03-31 00:00:00,80,True
ES_H,7.621250000000001,2006-06-30 00:00:00,2026-03-31 00:00:00,80,True
ES_N,45.991249999999994,2006-06-30 00:00:00,2026-03-31 00:00:00,80,True
ES_P,17.20375,2006-06-30 00:00:00,2026-03-31 00:00:00,80,True
FI_H,7.246250000000001,2006-06-30 00:00:00,2026-03-31 00:00:00,80,True
FI_N,39.4675,2006-06-30 00:00:00,2026-03-31 00:00:00,80,True
FI_P,17.36,2006-06-30 00:00:00,2026-03-31 00:00:00,80,True
FR_H,6.31875,2006-06-30 00:00:00,2026-03-31 00:00:00,80,True
FR_N,53.15875000000001,2006-06-30 00:00:00,2026-03-31 00:00:00,80,True
FR_P,18.7725,2006-06-30 00:00:00,2026-03-31 00:00:00,80,True
GB_H,10.225,2006-06-30 00:00:00,2026-03-31 00:00:00,80,True
GB_N,32.795,2006-06-30 00:00:00,2026-03-31 00:00:00,80,True
GB_P,15.373750000000001,2006-06-30 00:00:00,2026-03-31 00:00:00,80,True
HK_P,26.672500000000003,2006-06-30 00:00:00,2026-03-31 00:00:00,80,True
HU_P,12.02375,2006-06-30 00:00:00,2026-03-31 00:00:00,80,True
ID_P,4.154999999999999,2006-06-30 00:00:00,2026-03-31 00:00:00,80,True
IN_P,12.877499999999998,2006-06-30 00:00:00,2026-03-31 00:00:00,80,True
IT_H,4.63375,2006-06-30 00:00:00,2026-03-31 00:00:00,80,True
IT_N,34.010000000000005,2006-06-30 00:00:00,2026-03-31 00:00:00,80,True
IT_P,11.236250000000002,2006-06-30 00:00:00,2026-03-31 00:00:00,80,True
JP_H,7.295000000000002,2006-06-30 00:00:00,2026-03-31 00:00:00,80,True
JP_N,31.870000000000005,2006-06-30 00:00:00,2026-03-31 00:00:00,80,True
JP_P,14.426250000000001,2006-06-30 00:00:00,2026-03-31 00:00:00,80,True
KR_H,11.032499999999999,2006-06-30 00:00:00,2026-03-31 00:00:00,80,True
KR_N,36.07875,2006-06-30 00:00:00,2026-03-31 00:00:00,80,True
KR_P,18.57,2006-06-30 00:00:00,2026-03-31 00:00:00,80,True
MX_P,4.25,2006-06-30 00:00:00,2026-03-31 00:00:00,80,True
MY_P,15.30625,2006-06-30 00:00:00,2026-03-31 00:00:00,80,True
NL_H,17.305,2006-06-30 00:00:00,2026-03-31 00:00:00,80,True
NL_N,57.91375000000001,2006-06-30 00:00:00,2026-03-31 00:00:00,80,True
NL_P,31.725,2006-06-30 00:00:00,2026-03-31 00:00:00,80,True
NO_H,15.791249999999996,2006-06-30 00:00:00,2026-03-31 00:00:00,80,True
NO_N,39.59375,2006-06-30 00:00:00,2026-03-31 00:00:00,80,True
NO_P,25.627500000000005,2006-06-30 00:00:00,2026-03-31 00:00:00,80,True
PL_P,7.090000000000001,2006-06-30 00:00:00,2026-03-31 00:00:00,80,True
PT_H,7.6975,2006-06-30 00:00:00,2026-03-31 00:00:00,80,True
PT_N,49.67125,2006-06-30 00:00:00,2026-03-31 00:00:00,80,True
PT_P,16.87375,2006-06-30 00:00:00,2026-03-31 00:00:00,80,True
RU_P,12.63625,2006-06-30 00:00:00,2026-03-31 00:00:00,80,True
SE_H,11.385,2006-06-30 00:00:00,2026-03-31 00:00:00,80,True
SE_N,44.073750000000004,2006-06-30 00:00:00,2026-03-31 00:00:00,80,True
SE_P,22.9625,2006-06-30 00:00:00,2026-03-31 00:00:00,80,True
TH_P,13.88,2006-06-30 00:00:00,2026-03-31 00:00:00,80,True
TR_P,14.90125,2006-06-30 00:00:00,2026-03-31 00:00:00,80,True
US_H,8.782499999999999,2006-06-30 00:00:00,2026-03-31 00:00:00,80,True
US_N,39.90875,2006-06-30 00:00:00,2026-03-31 00:00:00,80,True
US_P,15.190000000000003,2006-06-30 00:00:00,2026-03-31 00:00:00,80,True
ZA_P,8.889999999999999,2006-06-30 00:00:00,2026-03-31 00:00:00,80,True
