series,iso2,borrower,has_cycle,liftoff,hike_pp,liftoff_q,base,peak_q,peak,lag_q,rise_pp,censored,no_rise,last_q,peak_gap
AU_H,AU,H,True,2022-05-31,4.25,2022-06-30,13.3,2024-06-30,16.5,8.0,3.1999999999999993,False,False,2026-03-31,0.8275000000000006
AU_N,AU,N,True,2022-05-31,4.25,2022-06-30,32.8,2026-03-31,40.2,15.0,7.400000000000006,True,False,2026-03-31,-1.2487500000000011
AU_P,AU,P,True,2022-05-31,4.25,2022-06-30,17.1,2024-12-31,20.7,10.0,3.599999999999998,False,False,2026-03-31,0.24249999999999972
BE_H,BE,H,True,2022-07-31,4.5,2022-09-30,6.7,2026-03-31,7.1,14.0,0.39999999999999947,True,False,2026-03-31,0.1974999999999989
BE_N,BE,N,True,2022-07-31,4.5,2022-09-30,42.1,2022-09-30,41.5,0.0,-0.6000000000000014,False,True,2026-03-31,-4.869999999999997
BE_P,BE,P,True,2022-07-31,4.5,2022-09-30,17.5,2024-03-31,17.7,6.0,0.1999999999999993,False,False,2026-03-31,-1.4224999999999959
BR_P,BR,P,True,2021-03-31,11.75,2021-03-31,16.6,2026-03-31,29.8,20.0,13.2,True,False,2026-03-31,10.607499999999998
CA_H,CA,H,True,2022-03-31,4.75,2022-03-31,12.8,2023-06-30,14.6,5.0,1.799999999999999,False,False,2026-03-31,1.4387500000000006
CA_N,CA,N,True,2022-03-31,4.75,2022-03-31,51.6,2025-03-31,57.5,12.0,5.899999999999999,False,False,2026-03-31,8.438750000000006
CA_P,CA,P,True,2022-03-31,4.75,2022-03-31,23.2,2025-12-31,25.5,15.0,2.3000000000000007,False,False,2026-03-31,2.96875
CH_P,CH,P,True,2022-06-30,2.5,2022-06-30,19.8,2024-06-30,20.5,8.0,0.6999999999999993,False,False,2026-03-31,2.4962499999999963
CN_P,CN,P,False,,,,,,,,,False,False,,
CZ_P,CZ,P,True,2021-06-30,6.75,2021-06-30,7.5,2024-03-31,10.2,11.0,2.6999999999999993,False,False,2026-03-31,2.4499999999999993
DE_H,DE,H,True,2022-07-31,4.5,2022-09-30,5.8,2022-09-30,5.8,0.0,0.0,False,True,2026-03-31,-0.7599999999999998
DE_N,DE,N,True,2022-07-31,4.5,2022-09-30,31.2,2025-06-30,32.5,11.0,1.3000000000000007,False,False,2026-03-31,2.5199999999999996
DE_P,DE,P,True,2022-07-31,4.5,2022-09-30,12.7,2022-09-30,12.7,0.0,0.0,False,True,2026-03-31,-0.05500000000000149
DK_H,DK,H,True,2021-03-31,4.2,2021-03-31,14.4,2021-06-30,14.3,1.0,-0.09999999999999964,False,True,2026-03-31,-2.289999999999999
DK_N,DK,N,True,2021-03-31,4.2,2021-03-31,40.9,2024-03-31,51.4,12.0,10.5,False,False,2026-03-31,4.181249999999999
DK_P,DK,P,True,2021-03-31,4.2,2021-03-31,23.7,2024-03-31,26.3,12.0,2.6000000000000014,False,False,2026-03-31,-0.4812499999999993
ES_H,ES,H,True,2022-07-31,4.5,2022-09-30,5.6,2023-12-31,5.7,5.0,0.10000000000000053,False,False,2026-03-31,-1.9212500000000006
ES_N,ES,N,True,2022-07-31,4.5,2022-09-30,39.0,2022-09-30,37.7,0.0,-1.2999999999999972,False,True,2026-03-31,-8.291249999999991
ES_P,ES,P,True,2022-07-31,4.5,2022-09-30,13.5,2022-09-30,13.3,0.0,-0.1999999999999993,False,True,2026-03-31,-3.9037499999999987
FI_H,FI,H,True,2022-07-31,4.5,2022-09-30,7.3,2023-12-31,8.6,5.0,1.2999999999999998,False,False,2026-03-31,1.353749999999999
FI_N,FI,N,True,2022-07-31,4.5,2022-09-30,37.6,2024-06-30,45.0,7.0,7.399999999999999,False,False,2026-03-31,5.532499999999999
FI_P,FI,P,True,2022-07-31,4.5,2022-09-30,17.2,2024-06-30,20.5,7.0,3.3000000000000007,False,False,2026-03-31,3.1400000000000006
FR_H,FR,H,True,2022-07-31,4.5,2022-09-30,6.6,2022-09-30,6.6,0.0,0.0,False,True,2026-03-31,0.28125
FR_N,FR,N,True,2022-07-31,4.5,2022-09-30,57.3,2022-09-30,58.4,0.0,1.1000000000000014,False,True,2026-03-31,5.241249999999987
FR_P,FR,P,True,2022-07-31,4.5,2022-09-30,20.3,2022-09-30,20.5,0.0,0.1999999999999993,False,True,2026-03-31,1.7274999999999991
GB_H,GB,H,True,2021-12-31,5.15,2021-12-31,9.1,2021-12-31,9.0,0.0,-0.09999999999999964,False,True,2026-03-31,-1.2249999999999996
GB_N,GB,N,True,2021-12-31,5.15,2021-12-31,30.4,2024-12-31,29.3,12.0,-1.0999999999999979,False,True,2026-03-31,-3.495000000000001
GB_P,GB,P,True,2021-12-31,5.15,2021-12-31,14.1,2021-12-31,13.9,0.0,-0.1999999999999993,False,True,2026-03-31,-1.4737500000000008
HK_P,HK,P,True,2022-03-31,5.25,2022-03-31,31.5,2024-03-31,37.4,8.0,5.899999999999999,False,False,2026-03-31,10.727499999999996
HU_P,HU,P,True,2021-06-30,12.4,2021-06-30,8.4,2023-09-30,14.9,9.0,6.5,False,False,2026-03-31,2.8762500000000006
ID_P,ID,P,True,2022-08-31,2.75,2022-09-30,4.1,2024-06-30,4.5,7.0,0.40000000000000036,False,False,2026-03-31,0.34500000000000064
IN_P,IN,P,True,2022-05-31,2.5,2022-06-30,10.0,2026-03-31,12.5,15.0,2.5,True,False,2026-03-31,-0.3774999999999977
IT_H,IT,H,True,2022-07-31,4.5,2022-09-30,4.3,2023-06-30,4.5,3.0,0.20000000000000018,False,False,2026-03-31,-0.13375000000000004
IT_N,IT,N,True,2022-07-31,4.5,2022-09-30,26.3,2022-12-31,26.1,1.0,-0.1999999999999993,False,True,2026-03-31,-7.910000000000004
IT_P,IT,P,True,2022-07-31,4.5,2022-09-30,9.6,2022-12-31,9.8,1.0,0.20000000000000107,False,False,2026-03-31,-1.4362500000000011
JP_H,JP,H,False,,,,,,,,,False,False,,
JP_N,JP,N,False,,,,,,,,,False,False,,
JP_P,JP,P,False,,,,,,,,,False,False,,
KR_H,KR,H,True,2021-08-31,3.0,2021-09-30,11.7,2024-09-30,12.3,12.0,0.6000000000000014,False,False,2026-03-31,1.2675000000000018
KR_N,KR,N,True,2021-08-31,3.0,2021-09-30,35.1,2023-09-30,42.9,8.0,7.799999999999997,False,False,2026-03-31,6.821249999999999
KR_P,KR,P,True,2021-08-31,3.0,2021-09-30,18.9,2023-09-30,21.7,8.0,2.8000000000000007,False,False,2026-03-31,3.129999999999999
MX_P,MX,P,True,2021-06-30,7.25,2021-06-30,5.0,2024-12-31,5.9,14.0,0.9000000000000004,False,False,2026-03-31,1.6500000000000004
MY_P,MY,P,True,2022-05-31,1.25,2022-06-30,15.5,2025-06-30,15.5,12.0,0.0,False,True,2026-03-31,0.19374999999999964
NL_H,NL,H,True,2022-07-31,4.5,2022-09-30,14.3,2022-09-30,14.2,0.0,-0.10000000000000142,False,True,2026-03-31,-3.1050000000000004
NL_N,NL,N,True,2022-07-31,4.5,2022-09-30,57.1,2022-09-30,58.7,0.0,1.6000000000000014,False,True,2026-03-31,0.7862499999999955
NL_P,NL,P,True,2022-07-31,4.5,2022-09-30,30.1,2022-09-30,30.3,0.0,0.1999999999999993,False,True,2026-03-31,-1.4250000000000007
NO_H,NO,H,True,2021-09-30,4.5,2021-09-30,14.6,2024-12-31,21.1,13.0,6.500000000000002,False,False,2026-03-31,5.308750000000005
NO_N,NO,N,True,2021-09-30,4.5,2021-09-30,43.1,2021-09-30,41.9,0.0,-1.2000000000000028,False,True,2026-03-31,2.3062499999999986
NO_P,NO,P,True,2021-09-30,4.5,2021-09-30,25.6,2024-12-31,28.9,13.0,3.299999999999997,False,False,2026-03-31,3.2724999999999937
PL_P,PL,P,True,2021-10-31,6.65,2021-12-31,6.1,2023-09-30,6.9,7.0,0.8000000000000007,False,False,2026-03-31,-0.1900000000000004
PT_H,PT,H,True,2022-07-31,4.5,2022-09-30,6.2,2023-06-30,6.7,3.0,0.5,False,False,2026-03-31,-0.9974999999999996
PT_N,PT,N,True,2022-07-31,4.5,2022-09-30,45.9,2022-09-30,45.6,0.0,-0.29999999999999716,False,True,2026-03-31,-4.071249999999999
PT_P,PT,P,True,2022-07-31,4.5,2022-09-30,14.1,2023-09-30,14.3,4.0,0.20000000000000107,False,False,2026-03-31,-2.5737500000000004
RU_P,RU,P,True,2021-03-31,16.75,2021-03-31,12.2,2025-06-30,23.7,17.0,11.5,False,False,2026-03-31,11.063749999999999
SE_H,SE,H,True,2022-05-31,4.0,2022-06-30,11.9,2024-03-31,12.7,7.0,0.7999999999999989,False,False,2026-03-31,1.3149999999999995
SE_N,SE,N,True,2022-05-31,4.0,2022-06-30,47.3,2022-12-31,50.9,2.0,3.6000000000000014,False,False,2026-03-31,6.826249999999995
SE_P,SE,P,True,2022-05-31,4.0,2022-06-30,24.8,2022-12-31,26.2,2.0,1.3999999999999986,False,False,2026-03-31,3.2375000000000007
TH_P,TH,P,True,2022-08-31,2.0,2022-09-30,14.6,2024-03-31,15.4,6.0,0.8000000000000007,False,False,2026-03-31,1.5199999999999996
TR_P,TR,P,True,2023-06-30,41.5,2023-06-30,12.1,2024-06-30,34.0,4.0,21.9,False,False,2026-03-31,19.098750000000003
US_H,US,H,True,2022-03-31,5.25,2022-03-31,7.3,2023-09-30,8.2,6.0,0.8999999999999995,False,False,2026-03-31,-0.5824999999999996
US_N,US,N,True,2022-03-31,5.25,2022-03-31,40.5,2022-03-31,40.7,0.0,0.20000000000000284,False,True,2026-03-31,0.7912500000000051
US_P,US,P,True,2022-03-31,5.25,2022-03-31,13.9,2022-12-31,14.7,3.0,0.7999999999999989,False,False,2026-03-31,-0.49000000000000377
ZA_P,ZA,P,True,2021-11-30,4.75,2021-12-31,7.3,2024-09-30,8.5,11.0,1.2000000000000002,False,False,2026-03-31,-0.3899999999999988
