iso2,years,r_level,n_level,lo_level,hi_level,r_change,n_change,lo_change,hi_change,npl_last_year
AU,2006-2025,0.06437333879374532,20,-0.389235413628066,0.49285440413303966,-0.3274952520876188,19,-0.6804819118076987,0.148856670120589,2025
BE,2006-2025,0.6858261054191253,20,0.3493218020001916,0.865633716131178,0.29491960472744666,19,-0.18392776671568986,0.6606335733491802,2025
BR,2005-2025,-0.07119913129574133,21,-0.4878902508446559,0.3719188429887568,0.24046754309950155,20,-0.22611451038550406,0.6173002426613797,2025
CA,2005-2025,-0.35708700666391574,21,-0.6834241337001309,0.08819501080295152,0.028657679025093006,20,-0.41917897093445833,0.4652779832790613,2025
CH,2005-2025,-0.5007967473054002,21,-0.7667268848659228,-0.08817153754052984,0.06526815266999954,20,-0.38847269759644765,0.49353442004044334,2025
CN,2010-2024,0.5566846880793556,15,0.06214313142978468,0.8317564698366482,-0.045674012782720805,14,-0.5626191738472995,0.49694838532151353,2024
CZ,2008-2025,-0.664940235180763,18,-0.8636867824660271,-0.2872416636811739,-0.15769922440890555,17,-0.5933682734173409,0.3494315089843237,2025
DE,2022-2025,-0.8597859136857731,4,-0.9970125104731739,0.5832939745801836,-0.7690135175595368,3,,,2025
DK,2010-2025,0.7588675768648184,14,0.38216136731796696,0.9193003651624274,0.006925130616394075,13,-0.5461440633899015,0.555789736226714,2025
ES,2012-2025,0.8850085253436042,14,0.6681885908515304,0.963268540210691,-0.07369387812893144,13,-0.6003042789341404,0.49749169805833593,2025
FI,2007-2025,0.46159608401066404,19,0.009346368763737883,0.7570759062698702,-0.16392471001259698,18,-0.5859510468488697,0.32805166309421296,2025
FR,2008-2024,-0.7672302690333049,17,-0.9116793903676799,-0.45400777798369213,-0.09663021777307813,16,-0.5652595506945208,0.41915256782078836,2024
GB,2005-2025,0.4845339827292312,19,0.03888179543665951,0.7694113471586157,-0.09690410334074007,18,-0.5393721059791434,0.387496962939075,2025
HK,2008-2025,0.18751195538017687,18,-0.3061605520511861,0.6017064112017323,-0.26587212772362045,17,-0.6619289610144168,0.24623960955740792,2025
HU,2008-2025,0.3451803569425641,18,-0.1450680716716085,0.6993475161594068,0.31186206557648316,17,-0.19854332655021167,0.6891993804352445,2025
ID,2005-2025,-0.3598386845312753,21,-0.6851031785528037,0.08506131586160812,0.139629248311403,20,-0.32283940769541064,0.5482728827460814,2025
IN,2005-2025,-0.2873827498900501,17,-0.674815865450372,0.22423543601627777,-0.49074407383466145,16,-0.7934348973739532,0.00655612916350031,2025
IT,2005-2025,0.4259354937311614,21,-0.00704702785633109,0.7244222342892823,-0.15641964622803353,20,-0.5601663079695623,0.30737748059914793,2025
JP,2010-2022,-0.01998703015946723,13,-0.5647529564671582,0.5369110368080006,0.47906122020762615,12,-0.13080243449700715,0.8258959521419567,2022
KR,2009-2023,-0.4235829405562618,15,-0.768986608657686,0.11325452792023086,-0.07561635847559478,14,-0.5828131133823012,0.47397943099385,2023
MX,2005-2025,-0.40630891948140985,21,-0.7129462227055815,0.03077589652190561,0.24484080165564287,20,-0.2217006079836065,0.6201681378587316,2025
MY,2005-2025,-0.6145208711354283,21,-0.8268582508247344,-0.24884884714656091,-0.015326672326362747,20,-0.4547630825234236,0.4301112841364653,2025
NL,2008-2025,0.7637182208052617,18,0.4613434773737667,0.907140746288382,0.38652301300746494,17,-0.11559748410270074,0.731305627212995,2025
NO,2009-2025,0.03511345404131586,17,-0.4531796697036337,0.5071981866789375,0.5918089452427369,16,0.13600136251085373,0.8408423640872398,2025
PL,2008-2025,0.7366572958828205,18,0.41121289631898084,0.8955328164258194,-0.11178268291985059,17,-0.5622205949817926,0.3898054578354052,2025
PT,2007-2025,0.08809481014013987,19,-0.3813746015748875,0.5214394875880849,-0.05271618089148526,18,-0.5071055713900735,0.42460408166454194,2025
RU,2008-2023,0.048452087948259025,16,-0.4582597043152407,0.531394409047897,0.05818341390187375,15,-0.46802913243080385,0.5539360815404583,2023
SE,2016-2025,-0.6357690142173649,10,-0.9036621601768273,-0.010242924791288952,0.043320413565720674,9,-0.6391908318814533,0.6876581771382856,2025
TH,2006-2024,-0.43387416380554017,19,-0.7418811697004861,0.02532613595832778,-0.09799361927506568,18,-0.5401516014685727,0.38656176663335257,2024
TR,2005-2024,-0.5010950620626078,20,-0.772350908406322,-0.07526360680655308,-0.27828928804205655,19,-0.6502996694428146,0.20137398845320562,2024
US,2009-2025,0.7373747760822819,17,0.3976705467732325,0.899295451031788,0.14079740842393007,16,-0.38153691895778735,0.5949769048137515,2025
ZA,2008-2024,0.032178355858415934,17,-0.45551151453758393,0.5050124189200477,-0.14907935820997895,16,-0.6004144043299267,0.37428545424994797,2024
