date,AR,AT,AU,BE,BR,CA,CH,CL,CN,CO,CZ,DE,DK,ES,FI,FR,GB,GR,HK,HR,HU,ID,IE,IL,IN,IS,IT,JP,KR,KW,LU,MA,MK,MX,MY,NL,NO,PE,PH,PL,PT,RO,RU,SA,SE,SG,TH,TR,US,ZA
2001-12-31,,,,,,,,1.61915877786992,,,,,,,,,,,,,,,,,,,,,,,,,,,,,,,,,,,,,,,,,,
2002-12-31,,,,,,,,1.82299683787379,,,,,,,,,,,,,,,,,,,,,,,,,,,,,,,,,,,,,,,,,,
2003-12-31,,,,,,,,1.63483787843427,,,,,,,,,,,,,,,,,,,,,,,,,,,,,,,,,,,,,,,,,,
2004-12-31,,,,,,,,1.20249750508306,,,,,,,,,,,,,,,,,,,,,,,,,,,,,,,,,,,,,,,,,,
2005-12-31,5.1808433744425,,,,3.52553179140661,0.499517649324799,1.23094696053995,0.905289363028411,,2.74843383039405,,,,,,,0.993470630559823,,,,,6.25246820199785,0.48036674411629,,4.4017855944882,,6.99617313682385,,,,,,14.8928467760632,1.81638248738847,9.3902395222525,,,,,,,,,,,,,4.31589850311115,,
2006-12-31,3.3907141955962,2.73942939162815,0.574013140486955,1.28016415707088,3.46066404520993,0.420325955427001,0.907507444103247,0.748131241077717,,2.65981848339105,,,,,,,,,,5.34245735688259,,5.15545411942602,0.534720753421794,,,,6.56811457626493,,,,,,11.2137062334098,1.9944212361405,8.49559864909982,,,,,,,,,,,,7.76759647374961,3.58098683705456,,
2007-12-31,2.72684750122497,2.24246731582086,0.559225604529487,1.16267286868485,2.98260391267765,0.431596614050766,0.742070155737349,0.750701584683205,,3.22929327504344,,,,,0.226516077373677,,,,,4.87864305198447,,3.6908592128651,0.629176742433281,,,,5.7776082194137,,,3.84787598771217,,,7.51448842858048,2.5413127799359,6.49881057815871,,,,,,2.402987475193,2.58539372816182,,,,,7.59844455870216,3.3213977793724,,
2008-12-31,2.67920601141364,1.90306942802893,1.35526208847002,1.66567893097525,3.10639256827815,0.763250457412455,0.886250842943545,0.963982159718426,,3.93217828600417,2.82387346236027,,,,0.409453887918506,3.24235571721792,1.55697368984838,2.47019680774368,1.23,4.99056742440642,3.22977053583447,2.87020628006279,1.92252115115214,,2.44971206075607,,6.28258103994626,,,6.80464776292383,,,6.7146262287809,3.20802543521284,4.8081809717361,1.68139773681757,,,,2.82208199288244,3.20857811603958,2.74650265367714,3.81172366116837,,,1.42549965541006,5.59879211346276,3.44167340058132,,3.92151508288564
2009-12-31,2.98195821294241,2.25042258658752,2.01806458457877,3.1149472043257,4.2149946970135,1.2668705581618,1.01055452256894,2.87804131970691,,4.01283835055224,4.49075321988402,,,,0.569993828992429,4.58399416878333,3.50865701820859,3.77370944783239,1.58,7.91941760061947,8.13169846349339,2.89219586768056,9.79636660801069,,,,9.44634373927879,,0.584500588542435,11.461453798379,0.670613945190373,,8.93736962216569,3.06903578149086,3.62656549307932,3.20168767980185,1.27871052608886,,3.46095790428878,4.08301602290229,4.47774053191898,7.89184425906007,9.58055783170298,3.28697148338663,,2.03438434173328,5.22061861150824,4.96997625418198,4.95990413551278,5.93611112398251
2010-12-31,1.84399576317014,2.83071715205898,2.1485612599986,2.83293355859471,3.10772417173934,1.19245724160614,0.84498358262328,2.64236372125984,1.13237045139299,2.86337656354999,5.45823355942603,,3.14128983598116,,0.505748742041625,4.3272048253125,3.95483378788783,5.62295516381546,0.83,11.5855332193819,10.0371610997271,2.31233314887669,12.4666710113594,,,,10.0278370674613,2.45650253168859,0.588001422921592,8.95258546965769,0.247232603084001,,9.04070956501971,2.32838597424659,3.35402670735157,2.83234869790715,1.51981365217833,1.86763486280351,3.34951747323682,4.70497582133692,4.81369446409075,11.8538634983106,8.30661167313489,2.96818471895202,,1.40635425755787,3.88785784505743,3.48959158482402,4.38774309355535,5.79213600421704
2011-12-31,1.22770795872112,2.70681550509306,1.96838634633668,3.34867691886338,3.46686409051456,0.844688790542747,0.798863737604319,2.29689810626242,0.961585528954036,2.49554384848147,5.29287307900867,,3.17151109207083,,0.456371196024311,4.89276263549823,3.9618682056152,9.19946087632774,0.69,12.928961296036,13.6774946903894,2.00668094304847,16.1214680824703,,2.67019501469286,,11.7423491843706,2.44741326110445,0.484155586674748,6.98424741091625,0.379416485489735,5.44855241763618,9.52269121137581,2.44685147061431,2.6813903080324,2.71087690835902,1.68434907314772,1.83888954526962,2.52887904557002,4.53797781890378,6.58524987406531,14.3279565951415,6.62814262110441,2.22411986474196,,1.06045560853893,2.93261853635558,2.57632211204451,3.78150447341426,4.68085453063316
2012-12-31,1.53673589612636,2.81336476630545,1.70189150824109,3.79788657163647,3.44682339262827,0.651152891186438,0.764050251441169,2.06521444417698,0.953674330051852,2.758458591123,5.35167967265286,,3.52577006791977,5.71026349860103,0.445132847109478,4.29452327369678,3.58628400773794,15.7182240298713,0.6,14.5622704712966,16.0428286233189,1.67598753441661,21.311623175529,3.45440510625779,3.37395391664123,,13.7463696406392,2.42889160930217,0.5942917985967,5.19116857201251,0.145588493246798,5.74656037615339,10.1123971304148,2.52922017747362,2.01584311320695,3.09784428543665,1.51215755076448,2.16669888688339,2.20068041783045,4.92137936955479,8.47930510282067,18.2374449705832,6.05937220678027,1.6697936801687,,1.04262808908742,2.43018679665442,2.7433675978872,3.31729162388854,4.04289177410579
2013-12-31,1.53372870982538,2.86654169526513,1.36517488167218,4.31853746708399,2.85728229301093,0.574918196148752,0.750862344440604,1.95980657852684,0.999702805112438,2.7753536292828,5.26338617282874,,,7.12373619141485,0.440752731540527,4.49543407979547,3.11174173873798,27.8147390613921,0.54,16.7568120904943,16.8257283651433,1.60618085839081,22.3727039607198,2.90140768348366,4.0277286350163,,16.5427056350995,2.12909018123307,0.570682157690436,3.64034786311307,0.21316440756553,6.62387078084964,10.9395684304262,3.36157018477857,1.84914657141207,3.22716888618911,1.33872670729875,2.52532864724646,2.44086452225224,4.79348889261062,9.56475761795516,21.872974775198,6.01730651081845,1.30683882837442,,0.866941606339939,2.30382713124504,2.63627102630173,2.45239118205518,3.64128702921644
2014-12-31,1.79255873857877,3.47337431453068,1.01384449933767,4.24739060198863,2.25174733022776,0.517878594833065,0.702430455095102,1.92055529368575,1.24873335628106,2.91526084121936,5.63910825786119,,,6.38267849950904,0.847591074961831,3.72567893768622,1.65439301070172,29.9945374662288,0.51,18.4279034590926,15.6215268130427,1.97494771279186,20.6488038220399,2.16639379251708,4.34584976316208,,18.0330469839718,1.74645633118206,0.487829016283245,2.89041261906889,,7.26696282330555,10.8059133941613,3.13402337702184,1.64578545979142,2.98266215275663,1.13088790719265,2.86635234019297,2.02468665436273,4.61948181975494,10.8840579283017,13.9376956709832,6.81325840246744,1.08033805274768,,0.756532862271537,2.305232984074,2.74183131997442,1.85071180176898,3.24484679094119
2015-12-31,1.5742013281649,3.39283728404187,0.88872549882617,3.85093164747181,2.84649627717535,0.516596294246743,0.736258568730844,1.71974445235598,1.67388016445151,2.8476727881339,5.43997199514248,,3.27824443112999,5.09174595659943,0.932460830661029,3.52308121172511,1.01449977058357,35.7068688820244,0.73,18.1676735966228,11.6631260334093,2.31686319973562,16.9137587763138,1.8448062230203,5.88352227400691,5.85225689416537,18.064368830052,1.5335999587436,0.45685901023489,2.371720288643,,7.67129786194117,10.3144498806433,2.6044102180781,1.60682828804839,2.71198466589928,1.0533756114736,2.82627141447332,1.88547820763549,4.16510529138445,17.6784152469731,16.1343770279822,8.37596711898549,1.23698687005172,,0.92406290512104,2.68283086735209,2.98772329214313,1.47342654705219,3.12168564309893
2016-12-31,1.70027750562074,2.69521741465076,0.947676353339702,3.48452664274546,3.08157613195282,0.596050944805398,0.72973105534565,1.83263616219253,1.74447934478824,3.12453653608401,4.52193536660192,,2.39322215927694,4.71813279786194,1.04758761475179,3.49852745916487,1.68729249856196,37.3561319650911,0.854318088546397,15.0408591292296,7.42356209737637,2.7748985519129,12.6269750146121,1.6065430145001,9.18565591814956,4.12279811915939,17.1162385246124,1.39676981537012,0.4692207914451,2.22496479931359,0.904844283559195,8.07938649012445,6.28661409822794,2.14676314546594,1.61426825593083,2.54052744825368,1.18473037859688,3.03691673128784,1.71584803855675,3.93108996669006,17.2783688162153,11.3821126641511,9.24076995498894,1.38335895995773,1.06459067890898,1.22253307180161,2.98569607594999,3.10968373133546,1.32052217577727,2.85780789685003
2017-12-31,1.73479928371252,2.36889544229069,0.85701375017575,2.96174954064201,2.8789163660392,0.449461039885322,0.644092865487904,1.91636250925282,1.74435460635256,4.17978145473376,3.682523035196,,2.66864091851677,4.46120203086986,0.726262368042779,2.85084082112562,1.35973989613412,45.966797966588,0.668925745235763,12.1373945444084,4.16778804339288,2.44404843529866,11.4589228987576,1.29067074436065,9.97528206363178,2.8640995107245,14.3832990405839,1.19184799909608,0.352361433161397,1.94939026221768,0.791204996244051,7.60581163179934,6.09844460015566,2.14605834181442,1.54918722685231,2.30542707664559,1.00040357973015,3.26099813127161,1.5793111524775,3.83219672759303,14.1599573187475,7.6552442828254,9.65589344602211,1.61364907195792,1.11978084734838,1.40020092664899,3.07080207643183,2.84271365893526,1.12682415706513,2.84200004498428
2018-12-31,2.95778551361675,2.90095686469682,0.901855193874304,2.26826570545996,2.59786426236426,0.505214192405336,0.668886023069019,1.8720146209385,1.83294883223349,3.42763699082024,3.09590989646024,,2.86631154285792,3.68642493378734,0.950566178824406,2.74917800998469,1.09642089877807,43.3731858901073,0.546970804225276,10.413246017091,2.46529955892283,2.20579865068328,5.4568545690485,1.21092611547296,9.46095691207991,2.51329639871644,8.38628316437891,1.07338670657475,0.254435738088804,1.62349995163983,0.896966330444118,7.72518485920519,5.03609299230043,2.1077378613675,1.46819096481044,1.95988149570236,0.746427849824662,3.27104963481758,1.67363606149179,3.86657827897154,10.1876415339655,5.59069140441419,9.74675740899047,1.95231785727138,0.494908669779694,1.30951785160199,3.0839449162558,3.68690904641213,0.913161529735837,3.72802083553832
2019-12-31,5.7029147138395,2.41057983492873,0.961493162441896,2.08706915566812,2.65554756569736,0.503405461160356,0.644681878171941,2.05504919265993,1.86175485330958,3.1496313020411,1.69280340962664,,2.49653873908011,3.15282728174409,1.5073192904517,2.51442386618475,1.01809935045005,38.0724169271523,0.568032237016265,7.4112443440912,1.50911884316991,2.33935750447439,3.36383712525729,1.38801645888401,9.23442899080833,2.92802451232259,6.74918443535525,1.11143560418892,0.251149391152259,1.77656821835007,0.738897535704604,7.86756194132143,4.62471134653537,2.20172618969779,1.51612089778373,1.83446077218657,0.801131694159603,3.36599445858728,1.97428417462378,3.81150994513216,6.78401726884444,4.70370876212337,8.82848632528604,1.85839038526168,0.581325196187855,1.30642223339991,3.13027182387348,5.0229492930967,0.855251960083455,3.8923903817602
2020-12-31,4.15006400338997,2.38904558369577,1.10778271314937,2.06995809018823,1.86754766697946,0.52681278365295,0.754607674363497,1.55298924761218,1.83961969163289,3.67474893917792,1.91231094967573,,2.49822300851934,2.85122667258746,1.45017555342116,2.38440087259745,0.983324631099749,30.8146791725641,0.902373530647949,7.6286494941457,3.95320327433446,2.64268448647726,3.36142776920367,1.3749571925134,7.93883072465331,2.90217036371758,4.35972073669911,1.13897924015799,0.249044148161992,2.0074652483311,1.02804099898325,8.79376526247322,3.26129559130556,2.56401799892127,1.56712671073386,1.87864539454561,0.736074194281787,4.12760856551142,3.53246213156459,3.71722963023515,5.60342554555474,4.52148801977923,8.16184118410632,2.21159921239074,0.513361451406936,,3.23248100828431,3.8900924404522,1.06536914566418,5.18028329482246
2021-12-31,4.29211290587395,2.08460790714203,0.912575245358042,2.03126042204703,2.07937608671227,0.376260029910392,0.664684261351734,1.22877234927757,1.72739169215062,3.03403217872112,1.702001479324,,2.1529598550497,2.91575876060378,1.47082760274416,2.16920501014489,0.969313241835594,11.881332954805,0.878169345365409,5.69923091645787,3.56827817202546,2.64057088343297,2.48214874701819,1.05034256985074,6.54245582956179,2.06156567231269,3.34809683915317,1.22751856952344,0.233334670386676,1.35921924143798,1.25487767534596,9.05863022934855,3.13085707013006,2.04852607538267,1.67512094984982,1.72417915273341,0.525489505428338,3.90874696659241,3.95540769439997,2.85023106835434,4.57897942169444,3.86600747872832,6.10135444843519,1.86810170169937,0.417650657609338,,3.10718391598902,2.97599400811766,0.813464699477564,4.4542556212951
2022-12-31,3.09401335778846,1.99589852996514,0.72166697284902,1.83865174031702,2.64123318576758,0.334331435857722,0.685275122945014,1.66548621052272,1.63239836873406,2.46797285484092,1.45546035998427,1.23497612551347,1.7967834579325,3.06056772833899,1.35188387148659,2.07810544079029,0.93919727879646,8.17432019475188,1.01785430019981,4.33106920944263,3.78954496110877,2.14649051618116,1.60747302300572,0.711449035516496,4.81188454630947,1.39911577474254,2.79682283767597,1.23401036286557,0.24216660171932,1.41104352584751,1.58802284953163,8.68360679573923,2.79003002094012,2.08482456008447,1.71862466561031,1.60064591800168,0.272360168200376,4.1165128325684,3.13384020777967,2.43227662321668,3.6191746300687,3.04351613618208,5.50983446091328,1.80253047265234,0.304298366340019,,2.84397655094515,1.97901752159552,0.71607362746051,4.14167269623936
2023-12-31,3.54904853535679,2.52563805409574,0.853813554299551,1.82074761185815,2.84264311217319,0.454242517964679,0.758483325820007,2.10437903634883,1.59268926761592,3.47221378199867,1.2057002207719,1.53513253215757,1.72247998134321,3.06080280402449,1.28844729523889,2.06122418440948,0.970314059008282,5.95812847046635,1.20273871538593,3.59717600090012,3.18825349284604,1.95628264361571,1.27071424651771,0.971523456197714,3.35890319602042,1.57785500427557,2.7140816371624,,0.263676055649087,1.42363947712583,1.86074359634703,8.48309408041805,2.66786768882009,2.07732748969618,1.65317552035746,1.55160063687098,0.375146721887061,4.48043564056431,3.18581223118339,2.32399482814849,3.13622776694512,2.90081433195069,4.50692606999785,1.51347587802945,0.381163170019899,,2.7575864291698,1.48012751953029,0.846592385960373,4.72216238902933
2024-12-31,1.56400803016664,2.93343148636791,0.994877225557668,2.00199409187463,2.71543100107416,0.568690030721405,0.829135649016558,2.34248545083061,1.50455245481593,3.5456435895985,1.20447601450939,1.77161339190265,1.59792479375891,2.86962940744037,1.42702266101791,2.08727388951242,1.01582508527651,3.46297888111995,1.55962294621642,3.08344546122958,2.70846259412535,1.9378653282816,1.22765500955195,0.721349952547698,2.50044366571028,2.02831641047984,2.7684931969344,,,1.53571132275835,2.32000506236889,8.18776433111185,2.59408148305809,2.01603884670162,1.4445175031204,1.63696844977663,0.460629010542218,3.99027241122428,3.1976702517554,1.78153481819135,2.79903801270908,2.84615726921326,,1.24535587233852,0.506332050543119,,2.8154168013744,1.6536819200798,0.972922460845953,4.53555112448807
2025-12-31,5.29307311972797,,1.00178399000036,1.99578290053879,3.87755027454783,0.706375799816991,0.774440625350785,2.39990391503787,,2.96467383509758,1.10736661930893,1.89057945686605,1.47148035932934,2.58441457912986,1.4137101725177,,0.947525011481276,2.95095543348819,1.55578365269246,2.79754793404962,2.63390234723295,1.91576331529028,,,2.06283569455848,1.56131397294323,2.46119407878722,,,1.39809991865149,2.23332352559745,,1.93987071192671,2.17060951477006,1.36970902816722,1.4402786631221,0.448877297874308,,3.01861585862953,1.59098477098429,2.34411977689431,3.10895440478614,,1.03781619190087,0.425543790611083,,,,0.960307384017485,
