iso2,has_cycle,trough_date,trough,liftoff,peak_date,peak,hike_pp,reason,policy_code
AR,True,2021-01-31,38.0,2022-01-31,2023-10-31,133.0,95.0,,AR
AT,True,2021-01-31,0.0,2022-07-31,2023-09-30,4.5,4.5,,XM
AU,True,2021-01-31,0.1,2022-05-31,2023-11-30,4.35,4.25,,AU
BE,True,2021-01-31,0.0,2022-07-31,2023-09-30,4.5,4.5,,XM
BR,True,2021-01-31,2.0,2021-03-31,2022-08-31,13.75,11.75,,BR
CA,True,2021-01-31,0.25,2022-03-31,2023-07-31,5.0,4.75,,CA
CH,True,2021-01-31,-0.75,2022-06-30,2023-06-30,1.75,2.5,,CH
CL,True,2021-01-31,0.5,2021-07-31,2022-10-31,11.25,10.75,,CL
CN,False,2023-08-31,3.45,,,,,no hike after the 2021-2023 trough,CN
CO,True,2021-01-31,1.75,2021-10-31,2023-05-31,13.25,11.5,,CO
CZ,True,2021-01-31,0.25,2021-06-30,2022-06-30,7.0,6.75,,CZ
DE,True,2021-01-31,0.0,2022-07-31,2023-09-30,4.5,4.5,,XM
DK,True,2021-01-31,-0.6,2021-03-31,2023-09-30,3.6,4.2,,DK
ES,True,2021-01-31,0.0,2022-07-31,2023-09-30,4.5,4.5,,XM
FI,True,2021-01-31,0.0,2022-07-31,2023-09-30,4.5,4.5,,XM
FR,True,2021-01-31,0.0,2022-07-31,2023-09-30,4.5,4.5,,XM
GB,True,2021-01-31,0.1,2021-12-31,2023-08-31,5.25,5.15,,GB
GR,True,2021-01-31,0.0,2022-07-31,2023-09-30,4.5,4.5,,XM
HK,True,2021-01-31,0.5,2022-03-31,2023-07-31,5.75,5.25,,HK
HR,False,2022-04-30,0.0,,,,,"rate jump at euro adoption (2023-01) is a regime switch, not a hike",XM
HU,True,2021-01-31,0.6,2021-06-30,2022-09-30,13.0,12.4,,HU
ID,True,2021-02-28,3.5,2022-08-31,2024-04-30,6.25,2.75,,ID
IE,True,2021-01-31,0.0,2022-07-31,2023-09-30,4.5,4.5,,XM
IL,True,2021-01-31,0.1,2022-04-30,2023-05-31,4.75,4.65,,IL
IN,True,2021-01-31,4.0,2022-05-31,2023-02-28,6.5,2.5,,IN
IS,True,2021-01-31,0.75,2021-05-31,2023-08-31,9.25,8.5,,IS
IT,True,2021-01-31,0.0,2022-07-31,2023-09-30,4.5,4.5,,XM
JP,False,2021-01-31,-0.1,,,,,no hike after the 2021-2023 trough,JP
KR,True,2021-01-31,0.5,2021-08-31,2023-01-31,3.5,3.0,,KR
KW,True,2021-01-31,1.5,2022-03-31,2023-07-31,4.25,2.75,,KW
LU,True,2021-01-31,0.0,2022-07-31,2023-09-30,4.5,4.5,,XM
MA,True,2021-01-31,1.5,2022-09-30,2023-03-31,3.0,1.5,,MA
MK,True,2021-03-31,1.25,2022-04-30,2023-09-30,6.3,5.05,,MK
MX,True,2021-02-28,4.0,2021-06-30,2023-03-31,11.25,7.25,,MX
MY,True,2021-01-31,1.75,2022-05-31,2023-05-31,3.0,1.25,,MY
NL,True,2021-01-31,0.0,2022-07-31,2023-09-30,4.5,4.5,,XM
NO,True,2021-01-31,0.0,2021-09-30,2023-12-31,4.5,4.5,,NO
NZ,True,2021-01-31,0.25,2021-10-31,2023-05-31,5.5,5.25,,NZ
PE,True,2021-01-31,0.25,2021-08-31,2023-01-31,7.75,7.5,,PE
PH,True,2021-01-31,2.0,2022-05-31,2023-10-31,6.5,4.5,,PH
PL,True,2021-01-31,0.1,2021-10-31,2022-09-30,6.75,6.65,,PL
PT,True,2021-01-31,0.0,2022-07-31,2023-09-30,4.5,4.5,,XM
RO,True,2021-01-31,1.25,2021-10-31,2023-01-31,7.0,5.75,,RO
RS,True,2021-01-31,1.0,2022-04-30,2023-07-31,6.5,5.5,,RS
RU,True,2021-01-31,4.25,2021-03-31,2024-10-31,21.0,16.75,,RU
SA,True,2021-01-31,1.0,2022-03-31,2023-07-31,6.0,5.0,,SA
SE,True,2021-01-31,0.0,2022-05-31,2023-09-30,4.0,4.0,,SE
SG,False,,,,,,,no policy-rate data in 2021-2023,
TH,True,2021-01-31,0.5,2022-08-31,2023-09-30,2.5,2.0,,TH
TR,True,2023-02-28,8.5,2023-06-30,2024-03-31,50.0,41.5,,TR
US,True,2021-01-31,0.125,2022-03-31,2023-07-31,5.375,5.25,,US
XM,True,2021-01-31,0.0,2022-07-31,2023-09-30,4.5,4.5,,XM
ZA,True,2021-01-31,3.5,2021-11-30,2023-05-31,8.25,4.75,,ZA
