series,iso2,borrower,latest_q,latest,bench,gap_now,gap_peak,unwound_pct
AU_H,AU,H,2026-Q1,15.7,15.6725,0.027499999999999858,0.8275000000000006,96.67673716012087
AU_N,AU,N,2026-Q1,40.2,41.448750000000004,-1.2487500000000011,-1.2487500000000011,
AU_P,AU,P,2026-Q1,20.3,20.4575,-0.15749999999999886,0.24249999999999972,
BE_H,BE,H,2026-Q1,7.1,6.902500000000001,0.1974999999999989,0.1974999999999989,
BE_N,BE,N,2026-Q1,34.5,46.37,-11.869999999999997,-4.869999999999997,
BE_P,BE,P,2026-Q1,16.6,19.122499999999995,-2.5224999999999937,-1.4224999999999959,
BR_P,BR,P,2026-Q1,29.8,19.192500000000003,10.607499999999998,10.607499999999998,0.0
CA_H,CA,H,2026-Q1,14.0,13.161249999999999,0.838750000000001,1.4387500000000006,41.70286707211117
CA_N,CA,N,2026-Q1,57.3,49.061249999999994,8.238750000000003,8.438750000000006,2.3700192564064904
CA_P,CA,P,2026-Q1,25.5,22.53125,2.96875,2.96875,0.0
CH_P,CH,P,2026-Q1,20.0,18.003750000000004,1.9962499999999963,2.4962499999999963,20.03004506760143
CN_P,CN,P,2026-Q1,19.1,16.2975,2.802500000000002,,
CZ_P,CZ,P,2026-Q1,9.0,7.75,1.25,2.4499999999999993,48.979591836734684
DE_H,DE,H,2026-Q1,5.4,6.56,-1.1599999999999993,-0.7599999999999998,
DE_N,DE,N,2026-Q1,32.1,29.98,2.120000000000001,2.5199999999999996,15.87301587301582
DE_P,DE,P,2026-Q1,12.2,12.755,-0.5550000000000015,-0.05500000000000149,
DK_H,DK,H,2026-Q1,11.9,16.59,-4.6899999999999995,-2.289999999999999,
DK_N,DK,N,2026-Q1,42.1,47.21875,-5.118749999999999,4.181249999999999,222.42152466367716
DK_P,DK,P,2026-Q1,23.1,26.78125,-3.6812499999999986,-0.4812499999999993,
ES_H,ES,H,2026-Q1,5.1,7.621250000000001,-2.521250000000001,-1.9212500000000006,
ES_N,ES,N,2026-Q1,32.4,45.991249999999994,-13.591249999999995,-8.291249999999991,
ES_P,ES,P,2026-Q1,11.7,17.20375,-5.50375,-3.9037499999999987,
FI_H,FI,H,2026-Q1,7.4,7.246250000000001,0.1537499999999996,1.353749999999999,88.64265927977841
FI_N,FI,N,2026-Q1,38.5,39.4675,-0.9675000000000011,5.532499999999999,117.48757342973342
FI_P,FI,P,2026-Q1,17.8,17.36,0.4400000000000013,3.1400000000000006,85.98726114649678
FR_H,FR,H,2026-Q1,6.0,6.31875,-0.31874999999999964,0.28125,
FR_N,FR,N,2026-Q1,58.2,53.15875000000001,5.041249999999991,5.241249999999987,3.8158836155496543
FR_P,FR,P,2026-Q1,19.9,18.7725,1.1274999999999977,1.7274999999999991,34.73227206946464
GB_H,GB,H,2026-Q1,8.8,10.225,-1.424999999999999,-1.2249999999999996,
GB_N,GB,N,2026-Q1,27.3,32.795,-5.495000000000001,-3.495000000000001,
GB_P,GB,P,2026-Q1,12.9,15.373750000000001,-2.473750000000001,-1.4737500000000008,
HK_P,HK,P,2026-Q1,34.3,26.672500000000003,7.627499999999994,10.727499999999996,28.897692845490585
HU_P,HU,P,2026-Q1,11.5,12.02375,-0.5237499999999997,2.8762500000000006,118.20947414167753
ID_P,ID,P,2026-Q1,4.2,4.154999999999999,0.04500000000000082,0.34500000000000064,
IN_P,IN,P,2026-Q1,12.5,12.877499999999998,-0.3774999999999977,-0.3774999999999977,
IT_H,IT,H,2026-Q1,4.2,4.63375,-0.43374999999999986,-0.13375000000000004,
IT_N,IT,N,2026-Q1,25.5,34.010000000000005,-8.510000000000005,-7.910000000000004,
IT_P,IT,P,2026-Q1,9.2,11.236250000000002,-2.0362500000000026,-1.4362500000000011,
JP_H,JP,H,2026-Q1,7.5,7.295000000000002,0.2049999999999983,,
JP_N,JP,N,2026-Q1,32.5,31.870000000000005,0.6299999999999955,,
JP_P,JP,P,2026-Q1,15.5,14.426250000000001,1.0737499999999986,,
KR_H,KR,H,2026-Q1,11.5,11.032499999999999,0.46750000000000114,1.2675000000000018,63.11637080867847
KR_N,KR,N,2026-Q1,35.4,36.07875,-0.6787500000000009,6.821249999999999,109.95052226498076
KR_P,KR,P,2026-Q1,19.3,18.57,0.7300000000000004,3.129999999999999,76.67731629392969
MX_P,MX,P,2026-Q1,5.3,4.25,1.0499999999999998,1.6500000000000004,36.36363636363639
MY_P,MY,P,2026-Q1,15.5,15.30625,0.19374999999999964,0.19374999999999964,
NL_H,NL,H,2026-Q1,13.1,17.305,-4.205,-3.1050000000000004,
NL_N,NL,N,2026-Q1,49.8,57.91375000000001,-8.11375000000001,0.7862499999999955,1131.9554848966686
NL_P,NL,P,2026-Q1,26.1,31.725,-5.625,-1.4250000000000007,
NO_H,NO,H,2026-Q1,20.9,15.791249999999996,5.108750000000002,5.308750000000005,3.7673651989640247
NO_N,NO,N,2026-Q1,36.2,39.59375,-3.393749999999997,2.3062499999999986,247.15447154471542
NO_P,NO,P,2026-Q1,28.3,25.627500000000005,2.672499999999996,3.2724999999999937,18.334606569900657
PL_P,PL,P,2026-Q1,6.3,7.090000000000001,-0.7900000000000009,-0.1900000000000004,
PT_H,PT,H,2026-Q1,5.9,7.6975,-1.7974999999999994,-0.9974999999999996,
PT_N,PT,N,2026-Q1,36.7,49.67125,-12.971249999999998,-4.071249999999999,
PT_P,PT,P,2026-Q1,12.2,16.87375,-4.673750000000002,-2.5737500000000004,
RU_P,RU,P,2026-Q1,20.4,12.63625,7.763749999999998,11.063749999999999,29.82713817647724
SE_H,SE,H,2026-Q1,11.4,11.385,0.015000000000000568,1.3149999999999995,98.85931558935357
SE_N,SE,N,2026-Q1,44.7,44.073750000000004,0.6262499999999989,6.826249999999995,90.8258560703168
SE_P,SE,P,2026-Q1,23.3,22.9625,0.33750000000000213,3.2375000000000007,89.5752895752895
TH_P,TH,P,2026-Q1,13.4,13.88,-0.4800000000000004,1.5199999999999996,131.5789473684211
TR_P,TR,P,2026-Q1,25.8,14.90125,10.898750000000001,19.098750000000003,42.93474703841875
US_H,US,H,2026-Q1,8.0,8.782499999999999,-0.7824999999999989,-0.5824999999999996,
US_N,US,N,2026-Q1,36.9,39.90875,-3.008749999999999,0.7912500000000051,480.25276461295164
US_P,US,P,2026-Q1,13.8,15.190000000000003,-1.3900000000000023,-0.49000000000000377,
ZA_P,ZA,P,2026-Q1,8.3,8.889999999999999,-0.5899999999999981,-0.3899999999999988,
