name,group,source
Australia,advanced,https://www.bis.org/statistics/country_groupings.pdf
Canada,advanced,https://www.bis.org/statistics/country_groupings.pdf
Chinese Taipei,advanced,https://www.bis.org/statistics/country_groupings.pdf
Czechia,advanced,https://www.bis.org/statistics/country_groupings.pdf
Denmark,advanced,https://www.bis.org/statistics/country_groupings.pdf
euro area and small European economies,advanced,https://www.bis.org/statistics/country_groupings.pdf
Hong Kong SAR,advanced,https://www.bis.org/statistics/country_groupings.pdf
Iceland,advanced,https://www.bis.org/statistics/country_groupings.pdf
Israel,advanced,https://www.bis.org/statistics/country_groupings.pdf
Japan,advanced,https://www.bis.org/statistics/country_groupings.pdf
Korea,advanced,https://www.bis.org/statistics/country_groupings.pdf
Macao SAR,advanced,https://www.bis.org/statistics/country_groupings.pdf
New Zealand,advanced,https://www.bis.org/statistics/country_groupings.pdf
Norway,advanced,https://www.bis.org/statistics/country_groupings.pdf
Singapore,advanced,https://www.bis.org/statistics/country_groupings.pdf
Sweden,advanced,https://www.bis.org/statistics/country_groupings.pdf
Switzerland,advanced,https://www.bis.org/statistics/country_groupings.pdf
United Kingdom,advanced,https://www.bis.org/statistics/country_groupings.pdf
United States,advanced,https://www.bis.org/statistics/country_groupings.pdf
