iso2,name_en,name_vi,iso3,region,is_aggregate,group,euro_member,euro_since,has_dsr_H,has_dsr_N,has_dsr_P,dsr_first,dsr_last,credit_first,credit_last,npl_first,npl_last,policy_code,policy_code_pre_euro,policy_first,policy_last,policy_note,policy_note_source
AR,Argentina,Argentina,ARG,Latin America & Caribbean,False,emerging,False,,False,False,False,,,1984-Q4,2026-Q1,2005,2025,AR,,1993-04,2025-06,,
AT,Austria,Áo,AUT,Europe & Central Asia,False,advanced,True,1999,False,False,False,,,1960-Q4,2026-Q1,2006,2024,XM,AT,1945-04,2026-08,Euro area member since 1999: policy rate = ECB (BIS XM) from 1999-01; national rate (AT) before.,https://www.ecb.europa.eu/euro/intro/html/map.en.html
AU,Australia,Úc,AUS,East Asia & Pacific,False,advanced,False,,True,True,True,1999-Q1,2026-Q1,1960-Q2,2026-Q1,2006,2025,AU,,1976-04,2026-08,,
BE,Belgium,Bỉ,BEL,Europe & Central Asia,False,advanced,True,1999,True,True,True,1999-Q1,2026-Q1,1970-Q4,2026-Q1,2006,2025,XM,BE,1945-01,2026-08,Euro area member since 1999: policy rate = ECB (BIS XM) from 1999-01; national rate (BE) before.,https://www.ecb.europa.eu/euro/intro/html/map.en.html
BR,Brazil,Brazil,BRA,Latin America & Caribbean,False,emerging,False,,False,False,True,1999-Q1,2026-Q1,1996-Q1,2026-Q1,2005,2025,BR,,1986-06,2026-08,,
CA,Canada,Canada,CAN,North America,False,advanced,False,,True,True,True,1999-Q1,2026-Q1,1955-Q4,2026-Q1,2005,2025,CA,,1960-07,2026-08,,
CH,Switzerland,Thụy Sĩ,CHE,Europe & Central Asia,False,advanced,False,,False,False,True,1999-Q1,2026-Q1,1960-Q4,2026-Q1,2005,2025,CH,,1946-01,2026-08,,
CL,Chile,Chile,CHL,Latin America & Caribbean,False,emerging,False,,False,False,False,,,1983-Q1,2026-Q1,2001,2025,CL,,1997-02,2026-08,,
CN,China,Trung Quốc,CHN,East Asia & Pacific,False,emerging,False,,False,False,True,1999-Q1,2026-Q1,1985-Q4,2026-Q1,2010,2024,CN,,1996-01,2026-08,,
CO,Colombia,Colombia,COL,Latin America & Caribbean,False,emerging,False,,False,False,False,,,1996-Q4,2026-Q1,2005,2025,CO,,1995-04,2026-08,,
CZ,Czechia,Séc,CZE,Europe & Central Asia,False,advanced,False,,False,False,True,1999-Q1,2026-Q1,1993-Q1,2026-Q1,2008,2025,CZ,,1995-12,2026-08,,
DE,Germany,Đức,DEU,Europe & Central Asia,False,advanced,True,1999,True,True,True,1999-Q1,2026-Q1,1960-Q4,2026-Q1,2022,2025,XM,DE,1948-07,2026-08,Euro area member since 1999: policy rate = ECB (BIS XM) from 1999-01; national rate (DE) before.,https://www.ecb.europa.eu/euro/intro/html/map.en.html
DK,Denmark,Đan Mạch,DNK,Europe & Central Asia,False,advanced,False,,True,True,True,1999-Q1,2026-Q1,1966-Q4,2026-Q1,2010,2025,DK,,1946-01,2026-08,"Fixed exchange rate policy against the euro; Danmarks Nationalbank's rate is set to keep the krone stable, so it largely follows the ECB.",https://www.nationalbanken.dk/en/what-we-do/stable-prices-monetary-policy-and-the-danish-economy
ES,Spain,Tây Ban Nha,ESP,Europe & Central Asia,False,advanced,True,1999,True,True,True,1999-Q1,2026-Q1,1970-Q1,2026-Q1,2012,2025,XM,ES,1945-01,2026-08,Euro area member since 1999: policy rate = ECB (BIS XM) from 1999-01; national rate (ES) before.,https://www.ecb.europa.eu/euro/intro/html/map.en.html
FI,Finland,Phần Lan,FIN,Europe & Central Asia,False,advanced,True,1999,True,True,True,1999-Q1,2026-Q1,1970-Q4,2026-Q1,2007,2025,XM,,1999-01,2026-08,Euro area member since 1999: policy rate = ECB (BIS XM) from 1999-01.,https://www.ecb.europa.eu/euro/intro/html/map.en.html
FR,France,Pháp,FRA,Europe & Central Asia,False,advanced,True,1999,True,True,True,1999-Q1,2026-Q1,1969-Q4,2026-Q1,2008,2024,XM,FR,1945-01,2026-08,Euro area member since 1999: policy rate = ECB (BIS XM) from 1999-01; national rate (FR) before.,https://www.ecb.europa.eu/euro/intro/html/map.en.html
GB,United Kingdom,Anh,GBR,Europe & Central Asia,False,advanced,False,,True,True,True,1999-Q1,2026-Q1,1963-Q1,2026-Q1,2005,2025,GB,,1946-01,2026-08,,
GR,Greece,Hy Lạp,GRC,Europe & Central Asia,False,advanced,True,2001,False,False,False,,,1970-Q4,2026-Q1,2008,2025,XM,GR,1956-05,2026-08,Euro area member since 2001: policy rate = ECB (BIS XM) from 2001-01; national rate (GR) before.,https://www.ecb.europa.eu/euro/intro/html/map.en.html
HK,Hong Kong SAR,Hong Kong,HKG,East Asia & Pacific,False,advanced,False,,False,False,True,1999-Q1,2026-Q1,1978-Q4,2026-Q1,2008,2025,HK,,1998-09,2026-08,"USD peg (Linked Exchange Rate System). The HKMA base rate is set by formula from the US policy rate, so Hong Kong imports the Fed cycle.",https://www.hkma.gov.hk/eng/key-functions/money/linked-exchange-rate-system/
HR,Croatia,Croatia,HRV,Europe & Central Asia,False,advanced,True,2023,False,False,False,,,,,2006,2025,XM,HR,1993-01,2026-08,Euro area member since 2023: policy rate = ECB (BIS XM) from 2023-01; national rate (HR) before.,https://www.ecb.europa.eu/euro/intro/html/map.en.html
HU,Hungary,Hungary,HUN,Europe & Central Asia,False,emerging,False,,False,False,True,1999-Q1,2026-Q1,1970-Q4,2026-Q1,2008,2025,HU,,1987-01,2026-08,,
ID,Indonesia,Indonesia,IDN,East Asia & Pacific,False,emerging,False,,False,False,True,1999-Q1,2026-Q1,1976-Q1,2026-Q1,2005,2025,ID,,2005-07,2026-08,,
IE,Ireland,Ireland,IRL,Europe & Central Asia,False,advanced,True,1999,False,False,False,,,1971-Q2,2026-Q1,2005,2024,XM,,1999-01,2026-08,Euro area member since 1999: policy rate = ECB (BIS XM) from 1999-01.,https://www.ecb.europa.eu/euro/intro/html/map.en.html
IL,Israel,Israel,ISR,"Middle East, North Africa, Afghanistan & Pakistan",False,advanced,False,,False,False,False,,,1990-Q4,2026-Q1,2012,2024,IL,,1993-07,2026-07,,
IN,India,Ấn Độ,IND,South Asia,False,emerging,False,,False,False,True,1999-Q1,2026-Q1,1951-Q2,2026-Q1,2005,2025,IN,,1946-01,2026-06,,
IS,Iceland,Iceland,ISL,Europe & Central Asia,False,advanced,False,,False,False,False,,,,,2015,2025,IS,,1998-03,2026-08,,
IT,Italy,Ý,ITA,Europe & Central Asia,False,advanced,True,1999,True,True,True,1999-Q1,2026-Q1,1960-Q4,2026-Q1,2005,2025,XM,IT,1945-01,2026-08,Euro area member since 1999: policy rate = ECB (BIS XM) from 1999-01; national rate (IT) before.,https://www.ecb.europa.eu/euro/intro/html/map.en.html
JP,Japan,Nhật Bản,JPN,East Asia & Pacific,False,advanced,False,,True,True,True,1999-Q1,2026-Q1,1964-Q4,2026-Q1,2010,2022,JP,,1946-01,2026-08,,
KR,Korea,Hàn Quốc,KOR,East Asia & Pacific,False,advanced,False,,True,True,True,1999-Q1,2026-Q1,1962-Q4,2026-Q1,2009,2023,KR,,1999-05,2026-07,,
KW,Kuwait,Kuwait,KWT,"Middle East, North Africa, Afghanistan & Pakistan",False,emerging,False,,False,False,False,,,,,2007,2025,KW,,2002-06,2026-08,,
LU,Luxembourg,Luxembourg,LUX,Europe & Central Asia,False,advanced,True,1999,False,False,False,,,1995-Q1,2026-Q1,2009,2025,XM,,1999-01,2026-08,Euro area member since 1999: policy rate = ECB (BIS XM) from 1999-01.,https://www.ecb.europa.eu/euro/intro/html/map.en.html
MA,Morocco,Maroc,MAR,"Middle East, North Africa, Afghanistan & Pakistan",False,emerging,False,,False,False,False,,,,,2011,2024,MA,,2001-01,2026-08,,
MK,North Macedonia,Bắc Macedonia,MKD,Europe & Central Asia,False,emerging,False,,False,False,False,,,,,2005,2025,MK,,2000-01,2026-08,,
MX,Mexico,Mexico,MEX,Latin America & Caribbean,False,emerging,False,,False,False,True,1999-Q1,2026-Q1,1980-Q4,2026-Q1,2005,2025,MX,,1998-11,2026-08,,
MY,Malaysia,Malaysia,MYS,East Asia & Pacific,False,emerging,False,,False,False,True,1999-Q1,2026-Q1,1964-Q2,2026-Q1,2005,2025,MY,,1995-11,2026-08,,
NL,Netherlands,Hà Lan,NLD,Europe & Central Asia,False,advanced,True,1999,True,True,True,1999-Q1,2026-Q1,1961-Q1,2026-Q1,2008,2025,XM,NL,1945-01,2026-08,Euro area member since 1999: policy rate = ECB (BIS XM) from 1999-01; national rate (NL) before.,https://www.ecb.europa.eu/euro/intro/html/map.en.html
NO,Norway,Na Uy,NOR,Europe & Central Asia,False,advanced,False,,True,True,True,1999-Q1,2026-Q1,1960-Q4,2026-Q1,2009,2025,NO,,1986-03,2026-08,,
NZ,New Zealand,New Zealand,NZL,East Asia & Pacific,False,advanced,False,,False,False,False,,,1960-Q4,2026-Q1,,,NZ,,1985-01,2026-08,,
PE,Peru,Peru,PER,Latin America & Caribbean,False,emerging,False,,False,False,False,,,,,2010,2024,PE,,2003-09,2026-08,,
PH,Philippines,Philippines,PHL,East Asia & Pacific,False,emerging,False,,False,False,False,,,,,2009,2025,PH,,1986-01,2026-08,,
PL,Poland,Ba Lan,POL,Europe & Central Asia,False,emerging,False,,False,False,True,1999-Q1,2026-Q1,1992-Q1,2026-Q1,2008,2025,PL,,1993-01,2026-08,,
PT,Portugal,Bồ Đào Nha,PRT,Europe & Central Asia,False,advanced,True,1999,True,True,True,1999-Q1,2026-Q1,1960-Q4,2026-Q1,2007,2025,XM,PT,1945-01,2026-08,Euro area member since 1999: policy rate = ECB (BIS XM) from 1999-01; national rate (PT) before.,https://www.ecb.europa.eu/euro/intro/html/map.en.html
RO,Romania,Romania,ROU,Europe & Central Asia,False,emerging,False,,False,False,False,,,,,2007,2025,RO,,2003-01,2026-08,,
RS,Serbia,Serbia,SRB,Europe & Central Asia,False,emerging,False,,False,False,False,,,,,,,RS,,1997-01,2026-08,,
RU,Russia,Nga,RUS,Europe & Central Asia,False,emerging,False,,False,False,True,1999-Q1,2026-Q1,1995-Q2,2026-Q1,2008,2023,RU,,1992-01,2026-08,,
SA,Saudi Arabia,Ả Rập Xê Út,SAU,"Middle East, North Africa, Afghanistan & Pakistan",False,emerging,False,,False,False,False,,,1993-Q1,2026-Q1,2009,2025,SA,,2000-01,2026-08,,
SE,Sweden,Thụy Điển,SWE,Europe & Central Asia,False,advanced,False,,True,True,True,1999-Q1,2026-Q1,1961-Q1,2026-Q1,2016,2025,SE,,1946-01,2026-08,,
SG,Singapore,Singapore,SGP,East Asia & Pacific,False,advanced,False,,False,False,False,,,1970-Q4,2026-Q1,2008,2019,,,,,"MAS conducts monetary policy through the exchange rate (S$NEER), not an interest rate; BIS WS_CBPOL has no Singapore series.",https://www.mas.gov.sg/monetary-policy
TH,Thailand,Thái Lan,THA,East Asia & Pacific,False,emerging,False,,False,False,True,1999-Q1,2026-Q1,1970-Q4,2026-Q1,2006,2024,TH,,2000-05,2026-08,,
TR,Türkiye,Thổ Nhĩ Kỳ,TUR,Europe & Central Asia,False,emerging,False,,False,False,True,2002-Q1,2026-Q1,1986-Q1,2026-Q1,2005,2024,TR,,2002-02,2026-08,,
US,United States,Mỹ,USA,North America,False,advanced,False,,True,True,True,1999-Q1,2026-Q1,1947-Q4,2026-Q1,2009,2025,US,,1954-07,2026-08,,
XM,Euro area,Khu vực euro,EMU,Europe & Central Asia,True,advanced,False,,False,False,False,,,1997-Q4,2026-Q1,,,XM,,1999-01,2026-08,,
ZA,South Africa,Nam Phi,ZAF,Sub-Saharan Africa,False,emerging,False,,False,False,True,1999-Q1,2026-Q1,1965-Q1,2026-Q1,2008,2024,ZA,,1980-12,2026-08,,
