iso2,series,period,period_end,n_expected,n_valid,pct_missing
AR,dsr_H,1999-2009,2009-Q4,44,0,100.0
AT,dsr_H,1999-2009,2009-Q4,44,0,100.0
AU,dsr_H,1999-2009,2009-Q4,44,44,0.0
BE,dsr_H,1999-2009,2009-Q4,44,44,0.0
BR,dsr_H,1999-2009,2009-Q4,44,0,100.0
CA,dsr_H,1999-2009,2009-Q4,44,44,0.0
CH,dsr_H,1999-2009,2009-Q4,44,0,100.0
CL,dsr_H,1999-2009,2009-Q4,44,0,100.0
CN,dsr_H,1999-2009,2009-Q4,44,0,100.0
CO,dsr_H,1999-2009,2009-Q4,44,0,100.0
CZ,dsr_H,1999-2009,2009-Q4,44,0,100.0
DE,dsr_H,1999-2009,2009-Q4,44,44,0.0
DK,dsr_H,1999-2009,2009-Q4,44,44,0.0
ES,dsr_H,1999-2009,2009-Q4,44,44,0.0
FI,dsr_H,1999-2009,2009-Q4,44,44,0.0
FR,dsr_H,1999-2009,2009-Q4,44,44,0.0
GB,dsr_H,1999-2009,2009-Q4,44,44,0.0
GR,dsr_H,1999-2009,2009-Q4,44,0,100.0
HK,dsr_H,1999-2009,2009-Q4,44,0,100.0
HR,dsr_H,1999-2009,2009-Q4,44,0,100.0
HU,dsr_H,1999-2009,2009-Q4,44,0,100.0
ID,dsr_H,1999-2009,2009-Q4,44,0,100.0
IE,dsr_H,1999-2009,2009-Q4,44,0,100.0
IL,dsr_H,1999-2009,2009-Q4,44,0,100.0
IN,dsr_H,1999-2009,2009-Q4,44,0,100.0
IS,dsr_H,1999-2009,2009-Q4,44,0,100.0
IT,dsr_H,1999-2009,2009-Q4,44,44,0.0
JP,dsr_H,1999-2009,2009-Q4,44,44,0.0
KR,dsr_H,1999-2009,2009-Q4,44,44,0.0
KW,dsr_H,1999-2009,2009-Q4,44,0,100.0
LU,dsr_H,1999-2009,2009-Q4,44,0,100.0
MA,dsr_H,1999-2009,2009-Q4,44,0,100.0
MK,dsr_H,1999-2009,2009-Q4,44,0,100.0
MX,dsr_H,1999-2009,2009-Q4,44,0,100.0
MY,dsr_H,1999-2009,2009-Q4,44,0,100.0
NL,dsr_H,1999-2009,2009-Q4,44,44,0.0
NO,dsr_H,1999-2009,2009-Q4,44,44,0.0
NZ,dsr_H,1999-2009,2009-Q4,44,0,100.0
PE,dsr_H,1999-2009,2009-Q4,44,0,100.0
PH,dsr_H,1999-2009,2009-Q4,44,0,100.0
PL,dsr_H,1999-2009,2009-Q4,44,0,100.0
PT,dsr_H,1999-2009,2009-Q4,44,44,0.0
RO,dsr_H,1999-2009,2009-Q4,44,0,100.0
RS,dsr_H,1999-2009,2009-Q4,44,0,100.0
RU,dsr_H,1999-2009,2009-Q4,44,0,100.0
SA,dsr_H,1999-2009,2009-Q4,44,0,100.0
SE,dsr_H,1999-2009,2009-Q4,44,44,0.0
SG,dsr_H,1999-2009,2009-Q4,44,0,100.0
TH,dsr_H,1999-2009,2009-Q4,44,0,100.0
TR,dsr_H,1999-2009,2009-Q4,44,0,100.0
US,dsr_H,1999-2009,2009-Q4,44,44,0.0
XM,dsr_H,1999-2009,2009-Q4,44,0,100.0
ZA,dsr_H,1999-2009,2009-Q4,44,0,100.0
AR,dsr_H,2010-2019,2019-Q4,40,0,100.0
AT,dsr_H,2010-2019,2019-Q4,40,0,100.0
AU,dsr_H,2010-2019,2019-Q4,40,40,0.0
BE,dsr_H,2010-2019,2019-Q4,40,40,0.0
BR,dsr_H,2010-2019,2019-Q4,40,0,100.0
CA,dsr_H,2010-2019,2019-Q4,40,40,0.0
CH,dsr_H,2010-2019,2019-Q4,40,0,100.0
CL,dsr_H,2010-2019,2019-Q4,40,0,100.0
CN,dsr_H,2010-2019,2019-Q4,40,0,100.0
CO,dsr_H,2010-2019,2019-Q4,40,0,100.0
CZ,dsr_H,2010-2019,2019-Q4,40,0,100.0
DE,dsr_H,2010-2019,2019-Q4,40,40,0.0
DK,dsr_H,2010-2019,2019-Q4,40,40,0.0
ES,dsr_H,2010-2019,2019-Q4,40,40,0.0
FI,dsr_H,2010-2019,2019-Q4,40,40,0.0
FR,dsr_H,2010-2019,2019-Q4,40,40,0.0
GB,dsr_H,2010-2019,2019-Q4,40,40,0.0
GR,dsr_H,2010-2019,2019-Q4,40,0,100.0
HK,dsr_H,2010-2019,2019-Q4,40,0,100.0
HR,dsr_H,2010-2019,2019-Q4,40,0,100.0
HU,dsr_H,2010-2019,2019-Q4,40,0,100.0
ID,dsr_H,2010-2019,2019-Q4,40,0,100.0
IE,dsr_H,2010-2019,2019-Q4,40,0,100.0
IL,dsr_H,2010-2019,2019-Q4,40,0,100.0
IN,dsr_H,2010-2019,2019-Q4,40,0,100.0
IS,dsr_H,2010-2019,2019-Q4,40,0,100.0
IT,dsr_H,2010-2019,2019-Q4,40,40,0.0
JP,dsr_H,2010-2019,2019-Q4,40,40,0.0
KR,dsr_H,2010-2019,2019-Q4,40,40,0.0
KW,dsr_H,2010-2019,2019-Q4,40,0,100.0
LU,dsr_H,2010-2019,2019-Q4,40,0,100.0
MA,dsr_H,2010-2019,2019-Q4,40,0,100.0
MK,dsr_H,2010-2019,2019-Q4,40,0,100.0
MX,dsr_H,2010-2019,2019-Q4,40,0,100.0
MY,dsr_H,2010-2019,2019-Q4,40,0,100.0
NL,dsr_H,2010-2019,2019-Q4,40,40,0.0
NO,dsr_H,2010-2019,2019-Q4,40,40,0.0
NZ,dsr_H,2010-2019,2019-Q4,40,0,100.0
PE,dsr_H,2010-2019,2019-Q4,40,0,100.0
PH,dsr_H,2010-2019,2019-Q4,40,0,100.0
PL,dsr_H,2010-2019,2019-Q4,40,0,100.0
PT,dsr_H,2010-2019,2019-Q4,40,40,0.0
RO,dsr_H,2010-2019,2019-Q4,40,0,100.0
RS,dsr_H,2010-2019,2019-Q4,40,0,100.0
RU,dsr_H,2010-2019,2019-Q4,40,0,100.0
SA,dsr_H,2010-2019,2019-Q4,40,0,100.0
SE,dsr_H,2010-2019,2019-Q4,40,40,0.0
SG,dsr_H,2010-2019,2019-Q4,40,0,100.0
TH,dsr_H,2010-2019,2019-Q4,40,0,100.0
TR,dsr_H,2010-2019,2019-Q4,40,0,100.0
US,dsr_H,2010-2019,2019-Q4,40,40,0.0
XM,dsr_H,2010-2019,2019-Q4,40,0,100.0
ZA,dsr_H,2010-2019,2019-Q4,40,0,100.0
AR,dsr_H,2020-latest,2026-Q1,25,0,100.0
AT,dsr_H,2020-latest,2026-Q1,25,0,100.0
AU,dsr_H,2020-latest,2026-Q1,25,25,0.0
BE,dsr_H,2020-latest,2026-Q1,25,25,0.0
BR,dsr_H,2020-latest,2026-Q1,25,0,100.0
CA,dsr_H,2020-latest,2026-Q1,25,25,0.0
CH,dsr_H,2020-latest,2026-Q1,25,0,100.0
CL,dsr_H,2020-latest,2026-Q1,25,0,100.0
CN,dsr_H,2020-latest,2026-Q1,25,0,100.0
CO,dsr_H,2020-latest,2026-Q1,25,0,100.0
CZ,dsr_H,2020-latest,2026-Q1,25,0,100.0
DE,dsr_H,2020-latest,2026-Q1,25,25,0.0
DK,dsr_H,2020-latest,2026-Q1,25,25,0.0
ES,dsr_H,2020-latest,2026-Q1,25,25,0.0
FI,dsr_H,2020-latest,2026-Q1,25,25,0.0
FR,dsr_H,2020-latest,2026-Q1,25,25,0.0
GB,dsr_H,2020-latest,2026-Q1,25,25,0.0
GR,dsr_H,2020-latest,2026-Q1,25,0,100.0
HK,dsr_H,2020-latest,2026-Q1,25,0,100.0
HR,dsr_H,2020-latest,2026-Q1,25,0,100.0
HU,dsr_H,2020-latest,2026-Q1,25,0,100.0
ID,dsr_H,2020-latest,2026-Q1,25,0,100.0
IE,dsr_H,2020-latest,2026-Q1,25,0,100.0
IL,dsr_H,2020-latest,2026-Q1,25,0,100.0
IN,dsr_H,2020-latest,2026-Q1,25,0,100.0
IS,dsr_H,2020-latest,2026-Q1,25,0,100.0
IT,dsr_H,2020-latest,2026-Q1,25,25,0.0
JP,dsr_H,2020-latest,2026-Q1,25,25,0.0
KR,dsr_H,2020-latest,2026-Q1,25,25,0.0
KW,dsr_H,2020-latest,2026-Q1,25,0,100.0
LU,dsr_H,2020-latest,2026-Q1,25,0,100.0
MA,dsr_H,2020-latest,2026-Q1,25,0,100.0
MK,dsr_H,2020-latest,2026-Q1,25,0,100.0
MX,dsr_H,2020-latest,2026-Q1,25,0,100.0
MY,dsr_H,2020-latest,2026-Q1,25,0,100.0
NL,dsr_H,2020-latest,2026-Q1,25,25,0.0
NO,dsr_H,2020-latest,2026-Q1,25,25,0.0
NZ,dsr_H,2020-latest,2026-Q1,25,0,100.0
PE,dsr_H,2020-latest,2026-Q1,25,0,100.0
PH,dsr_H,2020-latest,2026-Q1,25,0,100.0
PL,dsr_H,2020-latest,2026-Q1,25,0,100.0
PT,dsr_H,2020-latest,2026-Q1,25,25,0.0
RO,dsr_H,2020-latest,2026-Q1,25,0,100.0
RS,dsr_H,2020-latest,2026-Q1,25,0,100.0
RU,dsr_H,2020-latest,2026-Q1,25,0,100.0
SA,dsr_H,2020-latest,2026-Q1,25,0,100.0
SE,dsr_H,2020-latest,2026-Q1,25,25,0.0
SG,dsr_H,2020-latest,2026-Q1,25,0,100.0
TH,dsr_H,2020-latest,2026-Q1,25,0,100.0
TR,dsr_H,2020-latest,2026-Q1,25,0,100.0
US,dsr_H,2020-latest,2026-Q1,25,25,0.0
XM,dsr_H,2020-latest,2026-Q1,25,0,100.0
ZA,dsr_H,2020-latest,2026-Q1,25,0,100.0
AR,dsr_H,1999-latest,2026-Q1,109,0,100.0
AT,dsr_H,1999-latest,2026-Q1,109,0,100.0
AU,dsr_H,1999-latest,2026-Q1,109,109,0.0
BE,dsr_H,1999-latest,2026-Q1,109,109,0.0
BR,dsr_H,1999-latest,2026-Q1,109,0,100.0
CA,dsr_H,1999-latest,2026-Q1,109,109,0.0
CH,dsr_H,1999-latest,2026-Q1,109,0,100.0
CL,dsr_H,1999-latest,2026-Q1,109,0,100.0
CN,dsr_H,1999-latest,2026-Q1,109,0,100.0
CO,dsr_H,1999-latest,2026-Q1,109,0,100.0
CZ,dsr_H,1999-latest,2026-Q1,109,0,100.0
DE,dsr_H,1999-latest,2026-Q1,109,109,0.0
DK,dsr_H,1999-latest,2026-Q1,109,109,0.0
ES,dsr_H,1999-latest,2026-Q1,109,109,0.0
FI,dsr_H,1999-latest,2026-Q1,109,109,0.0
FR,dsr_H,1999-latest,2026-Q1,109,109,0.0
GB,dsr_H,1999-latest,2026-Q1,109,109,0.0
GR,dsr_H,1999-latest,2026-Q1,109,0,100.0
HK,dsr_H,1999-latest,2026-Q1,109,0,100.0
HR,dsr_H,1999-latest,2026-Q1,109,0,100.0
HU,dsr_H,1999-latest,2026-Q1,109,0,100.0
ID,dsr_H,1999-latest,2026-Q1,109,0,100.0
IE,dsr_H,1999-latest,2026-Q1,109,0,100.0
IL,dsr_H,1999-latest,2026-Q1,109,0,100.0
IN,dsr_H,1999-latest,2026-Q1,109,0,100.0
IS,dsr_H,1999-latest,2026-Q1,109,0,100.0
IT,dsr_H,1999-latest,2026-Q1,109,109,0.0
JP,dsr_H,1999-latest,2026-Q1,109,109,0.0
KR,dsr_H,1999-latest,2026-Q1,109,109,0.0
KW,dsr_H,1999-latest,2026-Q1,109,0,100.0
LU,dsr_H,1999-latest,2026-Q1,109,0,100.0
MA,dsr_H,1999-latest,2026-Q1,109,0,100.0
MK,dsr_H,1999-latest,2026-Q1,109,0,100.0
MX,dsr_H,1999-latest,2026-Q1,109,0,100.0
MY,dsr_H,1999-latest,2026-Q1,109,0,100.0
NL,dsr_H,1999-latest,2026-Q1,109,109,0.0
NO,dsr_H,1999-latest,2026-Q1,109,109,0.0
NZ,dsr_H,1999-latest,2026-Q1,109,0,100.0
PE,dsr_H,1999-latest,2026-Q1,109,0,100.0
PH,dsr_H,1999-latest,2026-Q1,109,0,100.0
PL,dsr_H,1999-latest,2026-Q1,109,0,100.0
PT,dsr_H,1999-latest,2026-Q1,109,109,0.0
RO,dsr_H,1999-latest,2026-Q1,109,0,100.0
RS,dsr_H,1999-latest,2026-Q1,109,0,100.0
RU,dsr_H,1999-latest,2026-Q1,109,0,100.0
SA,dsr_H,1999-latest,2026-Q1,109,0,100.0
SE,dsr_H,1999-latest,2026-Q1,109,109,0.0
SG,dsr_H,1999-latest,2026-Q1,109,0,100.0
TH,dsr_H,1999-latest,2026-Q1,109,0,100.0
TR,dsr_H,1999-latest,2026-Q1,109,0,100.0
US,dsr_H,1999-latest,2026-Q1,109,109,0.0
XM,dsr_H,1999-latest,2026-Q1,109,0,100.0
ZA,dsr_H,1999-latest,2026-Q1,109,0,100.0
AR,dsr_N,1999-2009,2009-Q4,44,0,100.0
AT,dsr_N,1999-2009,2009-Q4,44,0,100.0
AU,dsr_N,1999-2009,2009-Q4,44,44,0.0
BE,dsr_N,1999-2009,2009-Q4,44,44,0.0
BR,dsr_N,1999-2009,2009-Q4,44,0,100.0
CA,dsr_N,1999-2009,2009-Q4,44,44,0.0
CH,dsr_N,1999-2009,2009-Q4,44,0,100.0
CL,dsr_N,1999-2009,2009-Q4,44,0,100.0
CN,dsr_N,1999-2009,2009-Q4,44,0,100.0
CO,dsr_N,1999-2009,2009-Q4,44,0,100.0
CZ,dsr_N,1999-2009,2009-Q4,44,0,100.0
DE,dsr_N,1999-2009,2009-Q4,44,44,0.0
DK,dsr_N,1999-2009,2009-Q4,44,44,0.0
ES,dsr_N,1999-2009,2009-Q4,44,44,0.0
FI,dsr_N,1999-2009,2009-Q4,44,44,0.0
FR,dsr_N,1999-2009,2009-Q4,44,44,0.0
GB,dsr_N,1999-2009,2009-Q4,44,44,0.0
GR,dsr_N,1999-2009,2009-Q4,44,0,100.0
HK,dsr_N,1999-2009,2009-Q4,44,0,100.0
HR,dsr_N,1999-2009,2009-Q4,44,0,100.0
HU,dsr_N,1999-2009,2009-Q4,44,0,100.0
ID,dsr_N,1999-2009,2009-Q4,44,0,100.0
IE,dsr_N,1999-2009,2009-Q4,44,0,100.0
IL,dsr_N,1999-2009,2009-Q4,44,0,100.0
IN,dsr_N,1999-2009,2009-Q4,44,0,100.0
IS,dsr_N,1999-2009,2009-Q4,44,0,100.0
IT,dsr_N,1999-2009,2009-Q4,44,44,0.0
JP,dsr_N,1999-2009,2009-Q4,44,44,0.0
KR,dsr_N,1999-2009,2009-Q4,44,44,0.0
KW,dsr_N,1999-2009,2009-Q4,44,0,100.0
LU,dsr_N,1999-2009,2009-Q4,44,0,100.0
MA,dsr_N,1999-2009,2009-Q4,44,0,100.0
MK,dsr_N,1999-2009,2009-Q4,44,0,100.0
MX,dsr_N,1999-2009,2009-Q4,44,0,100.0
MY,dsr_N,1999-2009,2009-Q4,44,0,100.0
NL,dsr_N,1999-2009,2009-Q4,44,44,0.0
NO,dsr_N,1999-2009,2009-Q4,44,44,0.0
NZ,dsr_N,1999-2009,2009-Q4,44,0,100.0
PE,dsr_N,1999-2009,2009-Q4,44,0,100.0
PH,dsr_N,1999-2009,2009-Q4,44,0,100.0
PL,dsr_N,1999-2009,2009-Q4,44,0,100.0
PT,dsr_N,1999-2009,2009-Q4,44,44,0.0
RO,dsr_N,1999-2009,2009-Q4,44,0,100.0
RS,dsr_N,1999-2009,2009-Q4,44,0,100.0
RU,dsr_N,1999-2009,2009-Q4,44,0,100.0
SA,dsr_N,1999-2009,2009-Q4,44,0,100.0
SE,dsr_N,1999-2009,2009-Q4,44,44,0.0
SG,dsr_N,1999-2009,2009-Q4,44,0,100.0
TH,dsr_N,1999-2009,2009-Q4,44,0,100.0
TR,dsr_N,1999-2009,2009-Q4,44,0,100.0
US,dsr_N,1999-2009,2009-Q4,44,44,0.0
XM,dsr_N,1999-2009,2009-Q4,44,0,100.0
ZA,dsr_N,1999-2009,2009-Q4,44,0,100.0
AR,dsr_N,2010-2019,2019-Q4,40,0,100.0
AT,dsr_N,2010-2019,2019-Q4,40,0,100.0
AU,dsr_N,2010-2019,2019-Q4,40,40,0.0
BE,dsr_N,2010-2019,2019-Q4,40,40,0.0
BR,dsr_N,2010-2019,2019-Q4,40,0,100.0
CA,dsr_N,2010-2019,2019-Q4,40,40,0.0
CH,dsr_N,2010-2019,2019-Q4,40,0,100.0
CL,dsr_N,2010-2019,2019-Q4,40,0,100.0
CN,dsr_N,2010-2019,2019-Q4,40,0,100.0
CO,dsr_N,2010-2019,2019-Q4,40,0,100.0
CZ,dsr_N,2010-2019,2019-Q4,40,0,100.0
DE,dsr_N,2010-2019,2019-Q4,40,40,0.0
DK,dsr_N,2010-2019,2019-Q4,40,40,0.0
ES,dsr_N,2010-2019,2019-Q4,40,40,0.0
FI,dsr_N,2010-2019,2019-Q4,40,40,0.0
FR,dsr_N,2010-2019,2019-Q4,40,40,0.0
GB,dsr_N,2010-2019,2019-Q4,40,40,0.0
GR,dsr_N,2010-2019,2019-Q4,40,0,100.0
HK,dsr_N,2010-2019,2019-Q4,40,0,100.0
HR,dsr_N,2010-2019,2019-Q4,40,0,100.0
HU,dsr_N,2010-2019,2019-Q4,40,0,100.0
ID,dsr_N,2010-2019,2019-Q4,40,0,100.0
IE,dsr_N,2010-2019,2019-Q4,40,0,100.0
IL,dsr_N,2010-2019,2019-Q4,40,0,100.0
IN,dsr_N,2010-2019,2019-Q4,40,0,100.0
IS,dsr_N,2010-2019,2019-Q4,40,0,100.0
IT,dsr_N,2010-2019,2019-Q4,40,40,0.0
JP,dsr_N,2010-2019,2019-Q4,40,40,0.0
KR,dsr_N,2010-2019,2019-Q4,40,40,0.0
KW,dsr_N,2010-2019,2019-Q4,40,0,100.0
LU,dsr_N,2010-2019,2019-Q4,40,0,100.0
MA,dsr_N,2010-2019,2019-Q4,40,0,100.0
MK,dsr_N,2010-2019,2019-Q4,40,0,100.0
MX,dsr_N,2010-2019,2019-Q4,40,0,100.0
MY,dsr_N,2010-2019,2019-Q4,40,0,100.0
NL,dsr_N,2010-2019,2019-Q4,40,40,0.0
NO,dsr_N,2010-2019,2019-Q4,40,40,0.0
NZ,dsr_N,2010-2019,2019-Q4,40,0,100.0
PE,dsr_N,2010-2019,2019-Q4,40,0,100.0
PH,dsr_N,2010-2019,2019-Q4,40,0,100.0
PL,dsr_N,2010-2019,2019-Q4,40,0,100.0
PT,dsr_N,2010-2019,2019-Q4,40,40,0.0
RO,dsr_N,2010-2019,2019-Q4,40,0,100.0
RS,dsr_N,2010-2019,2019-Q4,40,0,100.0
RU,dsr_N,2010-2019,2019-Q4,40,0,100.0
SA,dsr_N,2010-2019,2019-Q4,40,0,100.0
SE,dsr_N,2010-2019,2019-Q4,40,40,0.0
SG,dsr_N,2010-2019,2019-Q4,40,0,100.0
TH,dsr_N,2010-2019,2019-Q4,40,0,100.0
TR,dsr_N,2010-2019,2019-Q4,40,0,100.0
US,dsr_N,2010-2019,2019-Q4,40,40,0.0
XM,dsr_N,2010-2019,2019-Q4,40,0,100.0
ZA,dsr_N,2010-2019,2019-Q4,40,0,100.0
AR,dsr_N,2020-latest,2026-Q1,25,0,100.0
AT,dsr_N,2020-latest,2026-Q1,25,0,100.0
AU,dsr_N,2020-latest,2026-Q1,25,25,0.0
BE,dsr_N,2020-latest,2026-Q1,25,25,0.0
BR,dsr_N,2020-latest,2026-Q1,25,0,100.0
CA,dsr_N,2020-latest,2026-Q1,25,25,0.0
CH,dsr_N,2020-latest,2026-Q1,25,0,100.0
CL,dsr_N,2020-latest,2026-Q1,25,0,100.0
CN,dsr_N,2020-latest,2026-Q1,25,0,100.0
CO,dsr_N,2020-latest,2026-Q1,25,0,100.0
CZ,dsr_N,2020-latest,2026-Q1,25,0,100.0
DE,dsr_N,2020-latest,2026-Q1,25,25,0.0
DK,dsr_N,2020-latest,2026-Q1,25,25,0.0
ES,dsr_N,2020-latest,2026-Q1,25,25,0.0
FI,dsr_N,2020-latest,2026-Q1,25,25,0.0
FR,dsr_N,2020-latest,2026-Q1,25,25,0.0
GB,dsr_N,2020-latest,2026-Q1,25,25,0.0
GR,dsr_N,2020-latest,2026-Q1,25,0,100.0
HK,dsr_N,2020-latest,2026-Q1,25,0,100.0
HR,dsr_N,2020-latest,2026-Q1,25,0,100.0
HU,dsr_N,2020-latest,2026-Q1,25,0,100.0
ID,dsr_N,2020-latest,2026-Q1,25,0,100.0
IE,dsr_N,2020-latest,2026-Q1,25,0,100.0
IL,dsr_N,2020-latest,2026-Q1,25,0,100.0
IN,dsr_N,2020-latest,2026-Q1,25,0,100.0
IS,dsr_N,2020-latest,2026-Q1,25,0,100.0
IT,dsr_N,2020-latest,2026-Q1,25,25,0.0
JP,dsr_N,2020-latest,2026-Q1,25,25,0.0
KR,dsr_N,2020-latest,2026-Q1,25,25,0.0
KW,dsr_N,2020-latest,2026-Q1,25,0,100.0
LU,dsr_N,2020-latest,2026-Q1,25,0,100.0
MA,dsr_N,2020-latest,2026-Q1,25,0,100.0
MK,dsr_N,2020-latest,2026-Q1,25,0,100.0
MX,dsr_N,2020-latest,2026-Q1,25,0,100.0
MY,dsr_N,2020-latest,2026-Q1,25,0,100.0
NL,dsr_N,2020-latest,2026-Q1,25,25,0.0
NO,dsr_N,2020-latest,2026-Q1,25,25,0.0
NZ,dsr_N,2020-latest,2026-Q1,25,0,100.0
PE,dsr_N,2020-latest,2026-Q1,25,0,100.0
PH,dsr_N,2020-latest,2026-Q1,25,0,100.0
PL,dsr_N,2020-latest,2026-Q1,25,0,100.0
PT,dsr_N,2020-latest,2026-Q1,25,25,0.0
RO,dsr_N,2020-latest,2026-Q1,25,0,100.0
RS,dsr_N,2020-latest,2026-Q1,25,0,100.0
RU,dsr_N,2020-latest,2026-Q1,25,0,100.0
SA,dsr_N,2020-latest,2026-Q1,25,0,100.0
SE,dsr_N,2020-latest,2026-Q1,25,25,0.0
SG,dsr_N,2020-latest,2026-Q1,25,0,100.0
TH,dsr_N,2020-latest,2026-Q1,25,0,100.0
TR,dsr_N,2020-latest,2026-Q1,25,0,100.0
US,dsr_N,2020-latest,2026-Q1,25,25,0.0
XM,dsr_N,2020-latest,2026-Q1,25,0,100.0
ZA,dsr_N,2020-latest,2026-Q1,25,0,100.0
AR,dsr_N,1999-latest,2026-Q1,109,0,100.0
AT,dsr_N,1999-latest,2026-Q1,109,0,100.0
AU,dsr_N,1999-latest,2026-Q1,109,109,0.0
BE,dsr_N,1999-latest,2026-Q1,109,109,0.0
BR,dsr_N,1999-latest,2026-Q1,109,0,100.0
CA,dsr_N,1999-latest,2026-Q1,109,109,0.0
CH,dsr_N,1999-latest,2026-Q1,109,0,100.0
CL,dsr_N,1999-latest,2026-Q1,109,0,100.0
CN,dsr_N,1999-latest,2026-Q1,109,0,100.0
CO,dsr_N,1999-latest,2026-Q1,109,0,100.0
CZ,dsr_N,1999-latest,2026-Q1,109,0,100.0
DE,dsr_N,1999-latest,2026-Q1,109,109,0.0
DK,dsr_N,1999-latest,2026-Q1,109,109,0.0
ES,dsr_N,1999-latest,2026-Q1,109,109,0.0
FI,dsr_N,1999-latest,2026-Q1,109,109,0.0
FR,dsr_N,1999-latest,2026-Q1,109,109,0.0
GB,dsr_N,1999-latest,2026-Q1,109,109,0.0
GR,dsr_N,1999-latest,2026-Q1,109,0,100.0
HK,dsr_N,1999-latest,2026-Q1,109,0,100.0
HR,dsr_N,1999-latest,2026-Q1,109,0,100.0
HU,dsr_N,1999-latest,2026-Q1,109,0,100.0
ID,dsr_N,1999-latest,2026-Q1,109,0,100.0
IE,dsr_N,1999-latest,2026-Q1,109,0,100.0
IL,dsr_N,1999-latest,2026-Q1,109,0,100.0
IN,dsr_N,1999-latest,2026-Q1,109,0,100.0
IS,dsr_N,1999-latest,2026-Q1,109,0,100.0
IT,dsr_N,1999-latest,2026-Q1,109,109,0.0
JP,dsr_N,1999-latest,2026-Q1,109,109,0.0
KR,dsr_N,1999-latest,2026-Q1,109,109,0.0
KW,dsr_N,1999-latest,2026-Q1,109,0,100.0
LU,dsr_N,1999-latest,2026-Q1,109,0,100.0
MA,dsr_N,1999-latest,2026-Q1,109,0,100.0
MK,dsr_N,1999-latest,2026-Q1,109,0,100.0
MX,dsr_N,1999-latest,2026-Q1,109,0,100.0
MY,dsr_N,1999-latest,2026-Q1,109,0,100.0
NL,dsr_N,1999-latest,2026-Q1,109,109,0.0
NO,dsr_N,1999-latest,2026-Q1,109,109,0.0
NZ,dsr_N,1999-latest,2026-Q1,109,0,100.0
PE,dsr_N,1999-latest,2026-Q1,109,0,100.0
PH,dsr_N,1999-latest,2026-Q1,109,0,100.0
PL,dsr_N,1999-latest,2026-Q1,109,0,100.0
PT,dsr_N,1999-latest,2026-Q1,109,109,0.0
RO,dsr_N,1999-latest,2026-Q1,109,0,100.0
RS,dsr_N,1999-latest,2026-Q1,109,0,100.0
RU,dsr_N,1999-latest,2026-Q1,109,0,100.0
SA,dsr_N,1999-latest,2026-Q1,109,0,100.0
SE,dsr_N,1999-latest,2026-Q1,109,109,0.0
SG,dsr_N,1999-latest,2026-Q1,109,0,100.0
TH,dsr_N,1999-latest,2026-Q1,109,0,100.0
TR,dsr_N,1999-latest,2026-Q1,109,0,100.0
US,dsr_N,1999-latest,2026-Q1,109,109,0.0
XM,dsr_N,1999-latest,2026-Q1,109,0,100.0
ZA,dsr_N,1999-latest,2026-Q1,109,0,100.0
AR,dsr_P,1999-2009,2009-Q4,44,0,100.0
AT,dsr_P,1999-2009,2009-Q4,44,0,100.0
AU,dsr_P,1999-2009,2009-Q4,44,44,0.0
BE,dsr_P,1999-2009,2009-Q4,44,44,0.0
BR,dsr_P,1999-2009,2009-Q4,44,44,0.0
CA,dsr_P,1999-2009,2009-Q4,44,44,0.0
CH,dsr_P,1999-2009,2009-Q4,44,44,0.0
CL,dsr_P,1999-2009,2009-Q4,44,0,100.0
CN,dsr_P,1999-2009,2009-Q4,44,44,0.0
CO,dsr_P,1999-2009,2009-Q4,44,0,100.0
CZ,dsr_P,1999-2009,2009-Q4,44,44,0.0
DE,dsr_P,1999-2009,2009-Q4,44,44,0.0
DK,dsr_P,1999-2009,2009-Q4,44,44,0.0
ES,dsr_P,1999-2009,2009-Q4,44,44,0.0
FI,dsr_P,1999-2009,2009-Q4,44,44,0.0
FR,dsr_P,1999-2009,2009-Q4,44,44,0.0
GB,dsr_P,1999-2009,2009-Q4,44,44,0.0
GR,dsr_P,1999-2009,2009-Q4,44,0,100.0
HK,dsr_P,1999-2009,2009-Q4,44,44,0.0
HR,dsr_P,1999-2009,2009-Q4,44,0,100.0
HU,dsr_P,1999-2009,2009-Q4,44,44,0.0
ID,dsr_P,1999-2009,2009-Q4,44,44,0.0
IE,dsr_P,1999-2009,2009-Q4,44,0,100.0
IL,dsr_P,1999-2009,2009-Q4,44,0,100.0
IN,dsr_P,1999-2009,2009-Q4,44,44,0.0
IS,dsr_P,1999-2009,2009-Q4,44,0,100.0
IT,dsr_P,1999-2009,2009-Q4,44,44,0.0
JP,dsr_P,1999-2009,2009-Q4,44,44,0.0
KR,dsr_P,1999-2009,2009-Q4,44,44,0.0
KW,dsr_P,1999-2009,2009-Q4,44,0,100.0
LU,dsr_P,1999-2009,2009-Q4,44,0,100.0
MA,dsr_P,1999-2009,2009-Q4,44,0,100.0
MK,dsr_P,1999-2009,2009-Q4,44,0,100.0
MX,dsr_P,1999-2009,2009-Q4,44,44,0.0
MY,dsr_P,1999-2009,2009-Q4,44,44,0.0
NL,dsr_P,1999-2009,2009-Q4,44,44,0.0
NO,dsr_P,1999-2009,2009-Q4,44,44,0.0
NZ,dsr_P,1999-2009,2009-Q4,44,0,100.0
PE,dsr_P,1999-2009,2009-Q4,44,0,100.0
PH,dsr_P,1999-2009,2009-Q4,44,0,100.0
PL,dsr_P,1999-2009,2009-Q4,44,44,0.0
PT,dsr_P,1999-2009,2009-Q4,44,44,0.0
RO,dsr_P,1999-2009,2009-Q4,44,0,100.0
RS,dsr_P,1999-2009,2009-Q4,44,0,100.0
RU,dsr_P,1999-2009,2009-Q4,44,44,0.0
SA,dsr_P,1999-2009,2009-Q4,44,0,100.0
SE,dsr_P,1999-2009,2009-Q4,44,44,0.0
SG,dsr_P,1999-2009,2009-Q4,44,0,100.0
TH,dsr_P,1999-2009,2009-Q4,44,44,0.0
TR,dsr_P,1999-2009,2009-Q4,44,32,27.3
US,dsr_P,1999-2009,2009-Q4,44,44,0.0
XM,dsr_P,1999-2009,2009-Q4,44,0,100.0
ZA,dsr_P,1999-2009,2009-Q4,44,44,0.0
AR,dsr_P,2010-2019,2019-Q4,40,0,100.0
AT,dsr_P,2010-2019,2019-Q4,40,0,100.0
AU,dsr_P,2010-2019,2019-Q4,40,40,0.0
BE,dsr_P,2010-2019,2019-Q4,40,40,0.0
BR,dsr_P,2010-2019,2019-Q4,40,40,0.0
CA,dsr_P,2010-2019,2019-Q4,40,40,0.0
CH,dsr_P,2010-2019,2019-Q4,40,40,0.0
CL,dsr_P,2010-2019,2019-Q4,40,0,100.0
CN,dsr_P,2010-2019,2019-Q4,40,40,0.0
CO,dsr_P,2010-2019,2019-Q4,40,0,100.0
CZ,dsr_P,2010-2019,2019-Q4,40,40,0.0
DE,dsr_P,2010-2019,2019-Q4,40,40,0.0
DK,dsr_P,2010-2019,2019-Q4,40,40,0.0
ES,dsr_P,2010-2019,2019-Q4,40,40,0.0
FI,dsr_P,2010-2019,2019-Q4,40,40,0.0
FR,dsr_P,2010-2019,2019-Q4,40,40,0.0
GB,dsr_P,2010-2019,2019-Q4,40,40,0.0
GR,dsr_P,2010-2019,2019-Q4,40,0,100.0
HK,dsr_P,2010-2019,2019-Q4,40,40,0.0
HR,dsr_P,2010-2019,2019-Q4,40,0,100.0
HU,dsr_P,2010-2019,2019-Q4,40,40,0.0
ID,dsr_P,2010-2019,2019-Q4,40,40,0.0
IE,dsr_P,2010-2019,2019-Q4,40,0,100.0
IL,dsr_P,2010-2019,2019-Q4,40,0,100.0
IN,dsr_P,2010-2019,2019-Q4,40,40,0.0
IS,dsr_P,2010-2019,2019-Q4,40,0,100.0
IT,dsr_P,2010-2019,2019-Q4,40,40,0.0
JP,dsr_P,2010-2019,2019-Q4,40,40,0.0
KR,dsr_P,2010-2019,2019-Q4,40,40,0.0
KW,dsr_P,2010-2019,2019-Q4,40,0,100.0
LU,dsr_P,2010-2019,2019-Q4,40,0,100.0
MA,dsr_P,2010-2019,2019-Q4,40,0,100.0
MK,dsr_P,2010-2019,2019-Q4,40,0,100.0
MX,dsr_P,2010-2019,2019-Q4,40,40,0.0
MY,dsr_P,2010-2019,2019-Q4,40,40,0.0
NL,dsr_P,2010-2019,2019-Q4,40,40,0.0
NO,dsr_P,2010-2019,2019-Q4,40,40,0.0
NZ,dsr_P,2010-2019,2019-Q4,40,0,100.0
PE,dsr_P,2010-2019,2019-Q4,40,0,100.0
PH,dsr_P,2010-2019,2019-Q4,40,0,100.0
PL,dsr_P,2010-2019,2019-Q4,40,40,0.0
PT,dsr_P,2010-2019,2019-Q4,40,40,0.0
RO,dsr_P,2010-2019,2019-Q4,40,0,100.0
RS,dsr_P,2010-2019,2019-Q4,40,0,100.0
RU,dsr_P,2010-2019,2019-Q4,40,40,0.0
SA,dsr_P,2010-2019,2019-Q4,40,0,100.0
SE,dsr_P,2010-2019,2019-Q4,40,40,0.0
SG,dsr_P,2010-2019,2019-Q4,40,0,100.0
TH,dsr_P,2010-2019,2019-Q4,40,40,0.0
TR,dsr_P,2010-2019,2019-Q4,40,40,0.0
US,dsr_P,2010-2019,2019-Q4,40,40,0.0
XM,dsr_P,2010-2019,2019-Q4,40,0,100.0
ZA,dsr_P,2010-2019,2019-Q4,40,40,0.0
AR,dsr_P,2020-latest,2026-Q1,25,0,100.0
AT,dsr_P,2020-latest,2026-Q1,25,0,100.0
AU,dsr_P,2020-latest,2026-Q1,25,25,0.0
BE,dsr_P,2020-latest,2026-Q1,25,25,0.0
BR,dsr_P,2020-latest,2026-Q1,25,25,0.0
CA,dsr_P,2020-latest,2026-Q1,25,25,0.0
CH,dsr_P,2020-latest,2026-Q1,25,25,0.0
CL,dsr_P,2020-latest,2026-Q1,25,0,100.0
CN,dsr_P,2020-latest,2026-Q1,25,25,0.0
CO,dsr_P,2020-latest,2026-Q1,25,0,100.0
CZ,dsr_P,2020-latest,2026-Q1,25,25,0.0
DE,dsr_P,2020-latest,2026-Q1,25,25,0.0
DK,dsr_P,2020-latest,2026-Q1,25,25,0.0
ES,dsr_P,2020-latest,2026-Q1,25,25,0.0
FI,dsr_P,2020-latest,2026-Q1,25,25,0.0
FR,dsr_P,2020-latest,2026-Q1,25,25,0.0
GB,dsr_P,2020-latest,2026-Q1,25,25,0.0
GR,dsr_P,2020-latest,2026-Q1,25,0,100.0
HK,dsr_P,2020-latest,2026-Q1,25,25,0.0
HR,dsr_P,2020-latest,2026-Q1,25,0,100.0
HU,dsr_P,2020-latest,2026-Q1,25,25,0.0
ID,dsr_P,2020-latest,2026-Q1,25,25,0.0
IE,dsr_P,2020-latest,2026-Q1,25,0,100.0
IL,dsr_P,2020-latest,2026-Q1,25,0,100.0
IN,dsr_P,2020-latest,2026-Q1,25,25,0.0
IS,dsr_P,2020-latest,2026-Q1,25,0,100.0
IT,dsr_P,2020-latest,2026-Q1,25,25,0.0
JP,dsr_P,2020-latest,2026-Q1,25,25,0.0
KR,dsr_P,2020-latest,2026-Q1,25,25,0.0
KW,dsr_P,2020-latest,2026-Q1,25,0,100.0
LU,dsr_P,2020-latest,2026-Q1,25,0,100.0
MA,dsr_P,2020-latest,2026-Q1,25,0,100.0
MK,dsr_P,2020-latest,2026-Q1,25,0,100.0
MX,dsr_P,2020-latest,2026-Q1,25,25,0.0
MY,dsr_P,2020-latest,2026-Q1,25,25,0.0
NL,dsr_P,2020-latest,2026-Q1,25,25,0.0
NO,dsr_P,2020-latest,2026-Q1,25,25,0.0
NZ,dsr_P,2020-latest,2026-Q1,25,0,100.0
PE,dsr_P,2020-latest,2026-Q1,25,0,100.0
PH,dsr_P,2020-latest,2026-Q1,25,0,100.0
PL,dsr_P,2020-latest,2026-Q1,25,25,0.0
PT,dsr_P,2020-latest,2026-Q1,25,25,0.0
RO,dsr_P,2020-latest,2026-Q1,25,0,100.0
RS,dsr_P,2020-latest,2026-Q1,25,0,100.0
RU,dsr_P,2020-latest,2026-Q1,25,25,0.0
SA,dsr_P,2020-latest,2026-Q1,25,0,100.0
SE,dsr_P,2020-latest,2026-Q1,25,25,0.0
SG,dsr_P,2020-latest,2026-Q1,25,0,100.0
TH,dsr_P,2020-latest,2026-Q1,25,25,0.0
TR,dsr_P,2020-latest,2026-Q1,25,25,0.0
US,dsr_P,2020-latest,2026-Q1,25,25,0.0
XM,dsr_P,2020-latest,2026-Q1,25,0,100.0
ZA,dsr_P,2020-latest,2026-Q1,25,25,0.0
AR,dsr_P,1999-latest,2026-Q1,109,0,100.0
AT,dsr_P,1999-latest,2026-Q1,109,0,100.0
AU,dsr_P,1999-latest,2026-Q1,109,109,0.0
BE,dsr_P,1999-latest,2026-Q1,109,109,0.0
BR,dsr_P,1999-latest,2026-Q1,109,109,0.0
CA,dsr_P,1999-latest,2026-Q1,109,109,0.0
CH,dsr_P,1999-latest,2026-Q1,109,109,0.0
CL,dsr_P,1999-latest,2026-Q1,109,0,100.0
CN,dsr_P,1999-latest,2026-Q1,109,109,0.0
CO,dsr_P,1999-latest,2026-Q1,109,0,100.0
CZ,dsr_P,1999-latest,2026-Q1,109,109,0.0
DE,dsr_P,1999-latest,2026-Q1,109,109,0.0
DK,dsr_P,1999-latest,2026-Q1,109,109,0.0
ES,dsr_P,1999-latest,2026-Q1,109,109,0.0
FI,dsr_P,1999-latest,2026-Q1,109,109,0.0
FR,dsr_P,1999-latest,2026-Q1,109,109,0.0
GB,dsr_P,1999-latest,2026-Q1,109,109,0.0
GR,dsr_P,1999-latest,2026-Q1,109,0,100.0
HK,dsr_P,1999-latest,2026-Q1,109,109,0.0
HR,dsr_P,1999-latest,2026-Q1,109,0,100.0
HU,dsr_P,1999-latest,2026-Q1,109,109,0.0
ID,dsr_P,1999-latest,2026-Q1,109,109,0.0
IE,dsr_P,1999-latest,2026-Q1,109,0,100.0
IL,dsr_P,1999-latest,2026-Q1,109,0,100.0
IN,dsr_P,1999-latest,2026-Q1,109,109,0.0
IS,dsr_P,1999-latest,2026-Q1,109,0,100.0
IT,dsr_P,1999-latest,2026-Q1,109,109,0.0
JP,dsr_P,1999-latest,2026-Q1,109,109,0.0
KR,dsr_P,1999-latest,2026-Q1,109,109,0.0
KW,dsr_P,1999-latest,2026-Q1,109,0,100.0
LU,dsr_P,1999-latest,2026-Q1,109,0,100.0
MA,dsr_P,1999-latest,2026-Q1,109,0,100.0
MK,dsr_P,1999-latest,2026-Q1,109,0,100.0
MX,dsr_P,1999-latest,2026-Q1,109,109,0.0
MY,dsr_P,1999-latest,2026-Q1,109,109,0.0
NL,dsr_P,1999-latest,2026-Q1,109,109,0.0
NO,dsr_P,1999-latest,2026-Q1,109,109,0.0
NZ,dsr_P,1999-latest,2026-Q1,109,0,100.0
PE,dsr_P,1999-latest,2026-Q1,109,0,100.0
PH,dsr_P,1999-latest,2026-Q1,109,0,100.0
PL,dsr_P,1999-latest,2026-Q1,109,109,0.0
PT,dsr_P,1999-latest,2026-Q1,109,109,0.0
RO,dsr_P,1999-latest,2026-Q1,109,0,100.0
RS,dsr_P,1999-latest,2026-Q1,109,0,100.0
RU,dsr_P,1999-latest,2026-Q1,109,109,0.0
SA,dsr_P,1999-latest,2026-Q1,109,0,100.0
SE,dsr_P,1999-latest,2026-Q1,109,109,0.0
SG,dsr_P,1999-latest,2026-Q1,109,0,100.0
TH,dsr_P,1999-latest,2026-Q1,109,109,0.0
TR,dsr_P,1999-latest,2026-Q1,109,97,11.0
US,dsr_P,1999-latest,2026-Q1,109,109,0.0
XM,dsr_P,1999-latest,2026-Q1,109,0,100.0
ZA,dsr_P,1999-latest,2026-Q1,109,109,0.0
AR,credit_H,1999-2009,2009-Q4,44,44,0.0
AT,credit_H,1999-2009,2009-Q4,44,44,0.0
AU,credit_H,1999-2009,2009-Q4,44,44,0.0
BE,credit_H,1999-2009,2009-Q4,44,44,0.0
BR,credit_H,1999-2009,2009-Q4,44,44,0.0
CA,credit_H,1999-2009,2009-Q4,44,44,0.0
CH,credit_H,1999-2009,2009-Q4,44,41,6.8
CL,credit_H,1999-2009,2009-Q4,44,29,34.1
CN,credit_H,1999-2009,2009-Q4,44,16,63.6
CO,credit_H,1999-2009,2009-Q4,44,44,0.0
CZ,credit_H,1999-2009,2009-Q4,44,44,0.0
DE,credit_H,1999-2009,2009-Q4,44,44,0.0
DK,credit_H,1999-2009,2009-Q4,44,44,0.0
ES,credit_H,1999-2009,2009-Q4,44,44,0.0
FI,credit_H,1999-2009,2009-Q4,44,44,0.0
FR,credit_H,1999-2009,2009-Q4,44,44,0.0
GB,credit_H,1999-2009,2009-Q4,44,44,0.0
GR,credit_H,1999-2009,2009-Q4,44,44,0.0
HK,credit_H,1999-2009,2009-Q4,44,44,0.0
HR,credit_H,1999-2009,2009-Q4,44,0,100.0
HU,credit_H,1999-2009,2009-Q4,44,44,0.0
ID,credit_H,1999-2009,2009-Q4,44,33,25.0
IE,credit_H,1999-2009,2009-Q4,44,32,27.3
IL,credit_H,1999-2009,2009-Q4,44,44,0.0
IN,credit_H,1999-2009,2009-Q4,44,11,75.0
IS,credit_H,1999-2009,2009-Q4,44,0,100.0
IT,credit_H,1999-2009,2009-Q4,44,44,0.0
JP,credit_H,1999-2009,2009-Q4,44,44,0.0
KR,credit_H,1999-2009,2009-Q4,44,44,0.0
KW,credit_H,1999-2009,2009-Q4,44,0,100.0
LU,credit_H,1999-2009,2009-Q4,44,44,0.0
MA,credit_H,1999-2009,2009-Q4,44,0,100.0
MK,credit_H,1999-2009,2009-Q4,44,0,100.0
MX,credit_H,1999-2009,2009-Q4,44,44,0.0
MY,credit_H,1999-2009,2009-Q4,44,16,63.6
NL,credit_H,1999-2009,2009-Q4,44,44,0.0
NO,credit_H,1999-2009,2009-Q4,44,44,0.0
NZ,credit_H,1999-2009,2009-Q4,44,44,0.0
PE,credit_H,1999-2009,2009-Q4,44,0,100.0
PH,credit_H,1999-2009,2009-Q4,44,0,100.0
PL,credit_H,1999-2009,2009-Q4,44,44,0.0
PT,credit_H,1999-2009,2009-Q4,44,44,0.0
RO,credit_H,1999-2009,2009-Q4,44,0,100.0
RS,credit_H,1999-2009,2009-Q4,44,0,100.0
RU,credit_H,1999-2009,2009-Q4,44,44,0.0
SA,credit_H,1999-2009,2009-Q4,44,44,0.0
SE,credit_H,1999-2009,2009-Q4,44,44,0.0
SG,credit_H,1999-2009,2009-Q4,44,44,0.0
TH,credit_H,1999-2009,2009-Q4,44,44,0.0
TR,credit_H,1999-2009,2009-Q4,44,44,0.0
US,credit_H,1999-2009,2009-Q4,44,44,0.0
XM,credit_H,1999-2009,2009-Q4,44,44,0.0
ZA,credit_H,1999-2009,2009-Q4,44,8,81.8
AR,credit_H,2010-2019,2019-Q4,40,40,0.0
AT,credit_H,2010-2019,2019-Q4,40,40,0.0
AU,credit_H,2010-2019,2019-Q4,40,40,0.0
BE,credit_H,2010-2019,2019-Q4,40,40,0.0
BR,credit_H,2010-2019,2019-Q4,40,40,0.0
CA,credit_H,2010-2019,2019-Q4,40,40,0.0
CH,credit_H,2010-2019,2019-Q4,40,40,0.0
CL,credit_H,2010-2019,2019-Q4,40,40,0.0
CN,credit_H,2010-2019,2019-Q4,40,40,0.0
CO,credit_H,2010-2019,2019-Q4,40,40,0.0
CZ,credit_H,2010-2019,2019-Q4,40,40,0.0
DE,credit_H,2010-2019,2019-Q4,40,40,0.0
DK,credit_H,2010-2019,2019-Q4,40,40,0.0
ES,credit_H,2010-2019,2019-Q4,40,40,0.0
FI,credit_H,2010-2019,2019-Q4,40,40,0.0
FR,credit_H,2010-2019,2019-Q4,40,40,0.0
GB,credit_H,2010-2019,2019-Q4,40,40,0.0
GR,credit_H,2010-2019,2019-Q4,40,40,0.0
HK,credit_H,2010-2019,2019-Q4,40,40,0.0
HR,credit_H,2010-2019,2019-Q4,40,0,100.0
HU,credit_H,2010-2019,2019-Q4,40,40,0.0
ID,credit_H,2010-2019,2019-Q4,40,40,0.0
IE,credit_H,2010-2019,2019-Q4,40,40,0.0
IL,credit_H,2010-2019,2019-Q4,40,40,0.0
IN,credit_H,2010-2019,2019-Q4,40,40,0.0
IS,credit_H,2010-2019,2019-Q4,40,0,100.0
IT,credit_H,2010-2019,2019-Q4,40,40,0.0
JP,credit_H,2010-2019,2019-Q4,40,40,0.0
KR,credit_H,2010-2019,2019-Q4,40,40,0.0
KW,credit_H,2010-2019,2019-Q4,40,0,100.0
LU,credit_H,2010-2019,2019-Q4,40,40,0.0
MA,credit_H,2010-2019,2019-Q4,40,0,100.0
MK,credit_H,2010-2019,2019-Q4,40,0,100.0
MX,credit_H,2010-2019,2019-Q4,40,40,0.0
MY,credit_H,2010-2019,2019-Q4,40,40,0.0
NL,credit_H,2010-2019,2019-Q4,40,40,0.0
NO,credit_H,2010-2019,2019-Q4,40,40,0.0
NZ,credit_H,2010-2019,2019-Q4,40,40,0.0
PE,credit_H,2010-2019,2019-Q4,40,0,100.0
PH,credit_H,2010-2019,2019-Q4,40,0,100.0
PL,credit_H,2010-2019,2019-Q4,40,40,0.0
PT,credit_H,2010-2019,2019-Q4,40,40,0.0
RO,credit_H,2010-2019,2019-Q4,40,0,100.0
RS,credit_H,2010-2019,2019-Q4,40,0,100.0
RU,credit_H,2010-2019,2019-Q4,40,40,0.0
SA,credit_H,2010-2019,2019-Q4,40,40,0.0
SE,credit_H,2010-2019,2019-Q4,40,40,0.0
SG,credit_H,2010-2019,2019-Q4,40,40,0.0
TH,credit_H,2010-2019,2019-Q4,40,40,0.0
TR,credit_H,2010-2019,2019-Q4,40,40,0.0
US,credit_H,2010-2019,2019-Q4,40,40,0.0
XM,credit_H,2010-2019,2019-Q4,40,40,0.0
ZA,credit_H,2010-2019,2019-Q4,40,40,0.0
AR,credit_H,2020-latest,2026-Q1,25,25,0.0
AT,credit_H,2020-latest,2026-Q1,25,25,0.0
AU,credit_H,2020-latest,2026-Q1,25,25,0.0
BE,credit_H,2020-latest,2026-Q1,25,25,0.0
BR,credit_H,2020-latest,2026-Q1,25,25,0.0
CA,credit_H,2020-latest,2026-Q1,25,25,0.0
CH,credit_H,2020-latest,2026-Q1,25,25,0.0
CL,credit_H,2020-latest,2026-Q1,25,25,0.0
CN,credit_H,2020-latest,2026-Q1,25,25,0.0
CO,credit_H,2020-latest,2026-Q1,25,25,0.0
CZ,credit_H,2020-latest,2026-Q1,25,25,0.0
DE,credit_H,2020-latest,2026-Q1,25,25,0.0
DK,credit_H,2020-latest,2026-Q1,25,25,0.0
ES,credit_H,2020-latest,2026-Q1,25,25,0.0
FI,credit_H,2020-latest,2026-Q1,25,25,0.0
FR,credit_H,2020-latest,2026-Q1,25,25,0.0
GB,credit_H,2020-latest,2026-Q1,25,25,0.0
GR,credit_H,2020-latest,2026-Q1,25,25,0.0
HK,credit_H,2020-latest,2026-Q1,25,25,0.0
HR,credit_H,2020-latest,2026-Q1,25,0,100.0
HU,credit_H,2020-latest,2026-Q1,25,25,0.0
ID,credit_H,2020-latest,2026-Q1,25,25,0.0
IE,credit_H,2020-latest,2026-Q1,25,25,0.0
IL,credit_H,2020-latest,2026-Q1,25,25,0.0
IN,credit_H,2020-latest,2026-Q1,25,25,0.0
IS,credit_H,2020-latest,2026-Q1,25,0,100.0
IT,credit_H,2020-latest,2026-Q1,25,25,0.0
JP,credit_H,2020-latest,2026-Q1,25,25,0.0
KR,credit_H,2020-latest,2026-Q1,25,25,0.0
KW,credit_H,2020-latest,2026-Q1,25,0,100.0
LU,credit_H,2020-latest,2026-Q1,25,25,0.0
MA,credit_H,2020-latest,2026-Q1,25,0,100.0
MK,credit_H,2020-latest,2026-Q1,25,0,100.0
MX,credit_H,2020-latest,2026-Q1,25,25,0.0
MY,credit_H,2020-latest,2026-Q1,25,25,0.0
NL,credit_H,2020-latest,2026-Q1,25,25,0.0
NO,credit_H,2020-latest,2026-Q1,25,25,0.0
NZ,credit_H,2020-latest,2026-Q1,25,25,0.0
PE,credit_H,2020-latest,2026-Q1,25,0,100.0
PH,credit_H,2020-latest,2026-Q1,25,0,100.0
PL,credit_H,2020-latest,2026-Q1,25,25,0.0
PT,credit_H,2020-latest,2026-Q1,25,25,0.0
RO,credit_H,2020-latest,2026-Q1,25,0,100.0
RS,credit_H,2020-latest,2026-Q1,25,0,100.0
RU,credit_H,2020-latest,2026-Q1,25,25,0.0
SA,credit_H,2020-latest,2026-Q1,25,25,0.0
SE,credit_H,2020-latest,2026-Q1,25,25,0.0
SG,credit_H,2020-latest,2026-Q1,25,25,0.0
TH,credit_H,2020-latest,2026-Q1,25,25,0.0
TR,credit_H,2020-latest,2026-Q1,25,25,0.0
US,credit_H,2020-latest,2026-Q1,25,25,0.0
XM,credit_H,2020-latest,2026-Q1,25,25,0.0
ZA,credit_H,2020-latest,2026-Q1,25,25,0.0
AR,credit_H,1999-latest,2026-Q1,109,109,0.0
AT,credit_H,1999-latest,2026-Q1,109,109,0.0
AU,credit_H,1999-latest,2026-Q1,109,109,0.0
BE,credit_H,1999-latest,2026-Q1,109,109,0.0
BR,credit_H,1999-latest,2026-Q1,109,109,0.0
CA,credit_H,1999-latest,2026-Q1,109,109,0.0
CH,credit_H,1999-latest,2026-Q1,109,106,2.8
CL,credit_H,1999-latest,2026-Q1,109,94,13.8
CN,credit_H,1999-latest,2026-Q1,109,81,25.7
CO,credit_H,1999-latest,2026-Q1,109,109,0.0
CZ,credit_H,1999-latest,2026-Q1,109,109,0.0
DE,credit_H,1999-latest,2026-Q1,109,109,0.0
DK,credit_H,1999-latest,2026-Q1,109,109,0.0
ES,credit_H,1999-latest,2026-Q1,109,109,0.0
FI,credit_H,1999-latest,2026-Q1,109,109,0.0
FR,credit_H,1999-latest,2026-Q1,109,109,0.0
GB,credit_H,1999-latest,2026-Q1,109,109,0.0
GR,credit_H,1999-latest,2026-Q1,109,109,0.0
HK,credit_H,1999-latest,2026-Q1,109,109,0.0
HR,credit_H,1999-latest,2026-Q1,109,0,100.0
HU,credit_H,1999-latest,2026-Q1,109,109,0.0
ID,credit_H,1999-latest,2026-Q1,109,98,10.1
IE,credit_H,1999-latest,2026-Q1,109,97,11.0
IL,credit_H,1999-latest,2026-Q1,109,109,0.0
IN,credit_H,1999-latest,2026-Q1,109,76,30.3
IS,credit_H,1999-latest,2026-Q1,109,0,100.0
IT,credit_H,1999-latest,2026-Q1,109,109,0.0
JP,credit_H,1999-latest,2026-Q1,109,109,0.0
KR,credit_H,1999-latest,2026-Q1,109,109,0.0
KW,credit_H,1999-latest,2026-Q1,109,0,100.0
LU,credit_H,1999-latest,2026-Q1,109,109,0.0
MA,credit_H,1999-latest,2026-Q1,109,0,100.0
MK,credit_H,1999-latest,2026-Q1,109,0,100.0
MX,credit_H,1999-latest,2026-Q1,109,109,0.0
MY,credit_H,1999-latest,2026-Q1,109,81,25.7
NL,credit_H,1999-latest,2026-Q1,109,109,0.0
NO,credit_H,1999-latest,2026-Q1,109,109,0.0
NZ,credit_H,1999-latest,2026-Q1,109,109,0.0
PE,credit_H,1999-latest,2026-Q1,109,0,100.0
PH,credit_H,1999-latest,2026-Q1,109,0,100.0
PL,credit_H,1999-latest,2026-Q1,109,109,0.0
PT,credit_H,1999-latest,2026-Q1,109,109,0.0
RO,credit_H,1999-latest,2026-Q1,109,0,100.0
RS,credit_H,1999-latest,2026-Q1,109,0,100.0
RU,credit_H,1999-latest,2026-Q1,109,109,0.0
SA,credit_H,1999-latest,2026-Q1,109,109,0.0
SE,credit_H,1999-latest,2026-Q1,109,109,0.0
SG,credit_H,1999-latest,2026-Q1,109,109,0.0
TH,credit_H,1999-latest,2026-Q1,109,109,0.0
TR,credit_H,1999-latest,2026-Q1,109,109,0.0
US,credit_H,1999-latest,2026-Q1,109,109,0.0
XM,credit_H,1999-latest,2026-Q1,109,109,0.0
ZA,credit_H,1999-latest,2026-Q1,109,73,33.0
AR,credit_N,1999-2009,2009-Q4,44,44,0.0
AT,credit_N,1999-2009,2009-Q4,44,44,0.0
AU,credit_N,1999-2009,2009-Q4,44,44,0.0
BE,credit_N,1999-2009,2009-Q4,44,44,0.0
BR,credit_N,1999-2009,2009-Q4,44,44,0.0
CA,credit_N,1999-2009,2009-Q4,44,44,0.0
CH,credit_N,1999-2009,2009-Q4,44,41,6.8
CL,credit_N,1999-2009,2009-Q4,44,29,34.1
CN,credit_N,1999-2009,2009-Q4,44,16,63.6
CO,credit_N,1999-2009,2009-Q4,44,44,0.0
CZ,credit_N,1999-2009,2009-Q4,44,44,0.0
DE,credit_N,1999-2009,2009-Q4,44,44,0.0
DK,credit_N,1999-2009,2009-Q4,44,44,0.0
ES,credit_N,1999-2009,2009-Q4,44,44,0.0
FI,credit_N,1999-2009,2009-Q4,44,44,0.0
FR,credit_N,1999-2009,2009-Q4,44,44,0.0
GB,credit_N,1999-2009,2009-Q4,44,44,0.0
GR,credit_N,1999-2009,2009-Q4,44,44,0.0
HK,credit_N,1999-2009,2009-Q4,44,44,0.0
HR,credit_N,1999-2009,2009-Q4,44,0,100.0
HU,credit_N,1999-2009,2009-Q4,44,44,0.0
ID,credit_N,1999-2009,2009-Q4,44,33,25.0
IE,credit_N,1999-2009,2009-Q4,44,32,27.3
IL,credit_N,1999-2009,2009-Q4,44,44,0.0
IN,credit_N,1999-2009,2009-Q4,44,11,75.0
IS,credit_N,1999-2009,2009-Q4,44,0,100.0
IT,credit_N,1999-2009,2009-Q4,44,44,0.0
JP,credit_N,1999-2009,2009-Q4,44,44,0.0
KR,credit_N,1999-2009,2009-Q4,44,44,0.0
KW,credit_N,1999-2009,2009-Q4,44,0,100.0
LU,credit_N,1999-2009,2009-Q4,44,44,0.0
MA,credit_N,1999-2009,2009-Q4,44,0,100.0
MK,credit_N,1999-2009,2009-Q4,44,0,100.0
MX,credit_N,1999-2009,2009-Q4,44,44,0.0
MY,credit_N,1999-2009,2009-Q4,44,16,63.6
NL,credit_N,1999-2009,2009-Q4,44,44,0.0
NO,credit_N,1999-2009,2009-Q4,44,44,0.0
NZ,credit_N,1999-2009,2009-Q4,44,44,0.0
PE,credit_N,1999-2009,2009-Q4,44,0,100.0
PH,credit_N,1999-2009,2009-Q4,44,0,100.0
PL,credit_N,1999-2009,2009-Q4,44,44,0.0
PT,credit_N,1999-2009,2009-Q4,44,44,0.0
RO,credit_N,1999-2009,2009-Q4,44,0,100.0
RS,credit_N,1999-2009,2009-Q4,44,0,100.0
RU,credit_N,1999-2009,2009-Q4,44,44,0.0
SA,credit_N,1999-2009,2009-Q4,44,44,0.0
SE,credit_N,1999-2009,2009-Q4,44,44,0.0
SG,credit_N,1999-2009,2009-Q4,44,44,0.0
TH,credit_N,1999-2009,2009-Q4,44,44,0.0
TR,credit_N,1999-2009,2009-Q4,44,44,0.0
US,credit_N,1999-2009,2009-Q4,44,44,0.0
XM,credit_N,1999-2009,2009-Q4,44,44,0.0
ZA,credit_N,1999-2009,2009-Q4,44,8,81.8
AR,credit_N,2010-2019,2019-Q4,40,40,0.0
AT,credit_N,2010-2019,2019-Q4,40,40,0.0
AU,credit_N,2010-2019,2019-Q4,40,40,0.0
BE,credit_N,2010-2019,2019-Q4,40,40,0.0
BR,credit_N,2010-2019,2019-Q4,40,40,0.0
CA,credit_N,2010-2019,2019-Q4,40,40,0.0
CH,credit_N,2010-2019,2019-Q4,40,40,0.0
CL,credit_N,2010-2019,2019-Q4,40,40,0.0
CN,credit_N,2010-2019,2019-Q4,40,40,0.0
CO,credit_N,2010-2019,2019-Q4,40,40,0.0
CZ,credit_N,2010-2019,2019-Q4,40,40,0.0
DE,credit_N,2010-2019,2019-Q4,40,40,0.0
DK,credit_N,2010-2019,2019-Q4,40,40,0.0
ES,credit_N,2010-2019,2019-Q4,40,40,0.0
FI,credit_N,2010-2019,2019-Q4,40,40,0.0
FR,credit_N,2010-2019,2019-Q4,40,40,0.0
GB,credit_N,2010-2019,2019-Q4,40,40,0.0
GR,credit_N,2010-2019,2019-Q4,40,40,0.0
HK,credit_N,2010-2019,2019-Q4,40,40,0.0
HR,credit_N,2010-2019,2019-Q4,40,0,100.0
HU,credit_N,2010-2019,2019-Q4,40,40,0.0
ID,credit_N,2010-2019,2019-Q4,40,40,0.0
IE,credit_N,2010-2019,2019-Q4,40,40,0.0
IL,credit_N,2010-2019,2019-Q4,40,40,0.0
IN,credit_N,2010-2019,2019-Q4,40,40,0.0
IS,credit_N,2010-2019,2019-Q4,40,0,100.0
IT,credit_N,2010-2019,2019-Q4,40,40,0.0
JP,credit_N,2010-2019,2019-Q4,40,40,0.0
KR,credit_N,2010-2019,2019-Q4,40,40,0.0
KW,credit_N,2010-2019,2019-Q4,40,0,100.0
LU,credit_N,2010-2019,2019-Q4,40,40,0.0
MA,credit_N,2010-2019,2019-Q4,40,0,100.0
MK,credit_N,2010-2019,2019-Q4,40,0,100.0
MX,credit_N,2010-2019,2019-Q4,40,40,0.0
MY,credit_N,2010-2019,2019-Q4,40,40,0.0
NL,credit_N,2010-2019,2019-Q4,40,40,0.0
NO,credit_N,2010-2019,2019-Q4,40,40,0.0
NZ,credit_N,2010-2019,2019-Q4,40,40,0.0
PE,credit_N,2010-2019,2019-Q4,40,0,100.0
PH,credit_N,2010-2019,2019-Q4,40,0,100.0
PL,credit_N,2010-2019,2019-Q4,40,40,0.0
PT,credit_N,2010-2019,2019-Q4,40,40,0.0
RO,credit_N,2010-2019,2019-Q4,40,0,100.0
RS,credit_N,2010-2019,2019-Q4,40,0,100.0
RU,credit_N,2010-2019,2019-Q4,40,40,0.0
SA,credit_N,2010-2019,2019-Q4,40,40,0.0
SE,credit_N,2010-2019,2019-Q4,40,40,0.0
SG,credit_N,2010-2019,2019-Q4,40,40,0.0
TH,credit_N,2010-2019,2019-Q4,40,40,0.0
TR,credit_N,2010-2019,2019-Q4,40,40,0.0
US,credit_N,2010-2019,2019-Q4,40,40,0.0
XM,credit_N,2010-2019,2019-Q4,40,40,0.0
ZA,credit_N,2010-2019,2019-Q4,40,40,0.0
AR,credit_N,2020-latest,2026-Q1,25,25,0.0
AT,credit_N,2020-latest,2026-Q1,25,25,0.0
AU,credit_N,2020-latest,2026-Q1,25,25,0.0
BE,credit_N,2020-latest,2026-Q1,25,25,0.0
BR,credit_N,2020-latest,2026-Q1,25,25,0.0
CA,credit_N,2020-latest,2026-Q1,25,25,0.0
CH,credit_N,2020-latest,2026-Q1,25,25,0.0
CL,credit_N,2020-latest,2026-Q1,25,25,0.0
CN,credit_N,2020-latest,2026-Q1,25,25,0.0
CO,credit_N,2020-latest,2026-Q1,25,25,0.0
CZ,credit_N,2020-latest,2026-Q1,25,25,0.0
DE,credit_N,2020-latest,2026-Q1,25,25,0.0
DK,credit_N,2020-latest,2026-Q1,25,25,0.0
ES,credit_N,2020-latest,2026-Q1,25,25,0.0
FI,credit_N,2020-latest,2026-Q1,25,25,0.0
FR,credit_N,2020-latest,2026-Q1,25,25,0.0
GB,credit_N,2020-latest,2026-Q1,25,25,0.0
GR,credit_N,2020-latest,2026-Q1,25,25,0.0
HK,credit_N,2020-latest,2026-Q1,25,25,0.0
HR,credit_N,2020-latest,2026-Q1,25,0,100.0
HU,credit_N,2020-latest,2026-Q1,25,25,0.0
ID,credit_N,2020-latest,2026-Q1,25,25,0.0
IE,credit_N,2020-latest,2026-Q1,25,25,0.0
IL,credit_N,2020-latest,2026-Q1,25,25,0.0
IN,credit_N,2020-latest,2026-Q1,25,25,0.0
IS,credit_N,2020-latest,2026-Q1,25,0,100.0
IT,credit_N,2020-latest,2026-Q1,25,25,0.0
JP,credit_N,2020-latest,2026-Q1,25,25,0.0
KR,credit_N,2020-latest,2026-Q1,25,25,0.0
KW,credit_N,2020-latest,2026-Q1,25,0,100.0
LU,credit_N,2020-latest,2026-Q1,25,25,0.0
MA,credit_N,2020-latest,2026-Q1,25,0,100.0
MK,credit_N,2020-latest,2026-Q1,25,0,100.0
MX,credit_N,2020-latest,2026-Q1,25,25,0.0
MY,credit_N,2020-latest,2026-Q1,25,25,0.0
NL,credit_N,2020-latest,2026-Q1,25,25,0.0
NO,credit_N,2020-latest,2026-Q1,25,25,0.0
NZ,credit_N,2020-latest,2026-Q1,25,25,0.0
PE,credit_N,2020-latest,2026-Q1,25,0,100.0
PH,credit_N,2020-latest,2026-Q1,25,0,100.0
PL,credit_N,2020-latest,2026-Q1,25,25,0.0
PT,credit_N,2020-latest,2026-Q1,25,25,0.0
RO,credit_N,2020-latest,2026-Q1,25,0,100.0
RS,credit_N,2020-latest,2026-Q1,25,0,100.0
RU,credit_N,2020-latest,2026-Q1,25,25,0.0
SA,credit_N,2020-latest,2026-Q1,25,25,0.0
SE,credit_N,2020-latest,2026-Q1,25,25,0.0
SG,credit_N,2020-latest,2026-Q1,25,25,0.0
TH,credit_N,2020-latest,2026-Q1,25,25,0.0
TR,credit_N,2020-latest,2026-Q1,25,25,0.0
US,credit_N,2020-latest,2026-Q1,25,25,0.0
XM,credit_N,2020-latest,2026-Q1,25,25,0.0
ZA,credit_N,2020-latest,2026-Q1,25,25,0.0
AR,credit_N,1999-latest,2026-Q1,109,109,0.0
AT,credit_N,1999-latest,2026-Q1,109,109,0.0
AU,credit_N,1999-latest,2026-Q1,109,109,0.0
BE,credit_N,1999-latest,2026-Q1,109,109,0.0
BR,credit_N,1999-latest,2026-Q1,109,109,0.0
CA,credit_N,1999-latest,2026-Q1,109,109,0.0
CH,credit_N,1999-latest,2026-Q1,109,106,2.8
CL,credit_N,1999-latest,2026-Q1,109,94,13.8
CN,credit_N,1999-latest,2026-Q1,109,81,25.7
CO,credit_N,1999-latest,2026-Q1,109,109,0.0
CZ,credit_N,1999-latest,2026-Q1,109,109,0.0
DE,credit_N,1999-latest,2026-Q1,109,109,0.0
DK,credit_N,1999-latest,2026-Q1,109,109,0.0
ES,credit_N,1999-latest,2026-Q1,109,109,0.0
FI,credit_N,1999-latest,2026-Q1,109,109,0.0
FR,credit_N,1999-latest,2026-Q1,109,109,0.0
GB,credit_N,1999-latest,2026-Q1,109,109,0.0
GR,credit_N,1999-latest,2026-Q1,109,109,0.0
HK,credit_N,1999-latest,2026-Q1,109,109,0.0
HR,credit_N,1999-latest,2026-Q1,109,0,100.0
HU,credit_N,1999-latest,2026-Q1,109,109,0.0
ID,credit_N,1999-latest,2026-Q1,109,98,10.1
IE,credit_N,1999-latest,2026-Q1,109,97,11.0
IL,credit_N,1999-latest,2026-Q1,109,109,0.0
IN,credit_N,1999-latest,2026-Q1,109,76,30.3
IS,credit_N,1999-latest,2026-Q1,109,0,100.0
IT,credit_N,1999-latest,2026-Q1,109,109,0.0
JP,credit_N,1999-latest,2026-Q1,109,109,0.0
KR,credit_N,1999-latest,2026-Q1,109,109,0.0
KW,credit_N,1999-latest,2026-Q1,109,0,100.0
LU,credit_N,1999-latest,2026-Q1,109,109,0.0
MA,credit_N,1999-latest,2026-Q1,109,0,100.0
MK,credit_N,1999-latest,2026-Q1,109,0,100.0
MX,credit_N,1999-latest,2026-Q1,109,109,0.0
MY,credit_N,1999-latest,2026-Q1,109,81,25.7
NL,credit_N,1999-latest,2026-Q1,109,109,0.0
NO,credit_N,1999-latest,2026-Q1,109,109,0.0
NZ,credit_N,1999-latest,2026-Q1,109,109,0.0
PE,credit_N,1999-latest,2026-Q1,109,0,100.0
PH,credit_N,1999-latest,2026-Q1,109,0,100.0
PL,credit_N,1999-latest,2026-Q1,109,109,0.0
PT,credit_N,1999-latest,2026-Q1,109,109,0.0
RO,credit_N,1999-latest,2026-Q1,109,0,100.0
RS,credit_N,1999-latest,2026-Q1,109,0,100.0
RU,credit_N,1999-latest,2026-Q1,109,109,0.0
SA,credit_N,1999-latest,2026-Q1,109,109,0.0
SE,credit_N,1999-latest,2026-Q1,109,109,0.0
SG,credit_N,1999-latest,2026-Q1,109,109,0.0
TH,credit_N,1999-latest,2026-Q1,109,109,0.0
TR,credit_N,1999-latest,2026-Q1,109,109,0.0
US,credit_N,1999-latest,2026-Q1,109,109,0.0
XM,credit_N,1999-latest,2026-Q1,109,109,0.0
ZA,credit_N,1999-latest,2026-Q1,109,73,33.0
AR,credit_P,1999-2009,2009-Q4,44,44,0.0
AT,credit_P,1999-2009,2009-Q4,44,44,0.0
AU,credit_P,1999-2009,2009-Q4,44,44,0.0
BE,credit_P,1999-2009,2009-Q4,44,44,0.0
BR,credit_P,1999-2009,2009-Q4,44,44,0.0
CA,credit_P,1999-2009,2009-Q4,44,44,0.0
CH,credit_P,1999-2009,2009-Q4,44,44,0.0
CL,credit_P,1999-2009,2009-Q4,44,44,0.0
CN,credit_P,1999-2009,2009-Q4,44,44,0.0
CO,credit_P,1999-2009,2009-Q4,44,44,0.0
CZ,credit_P,1999-2009,2009-Q4,44,44,0.0
DE,credit_P,1999-2009,2009-Q4,44,44,0.0
DK,credit_P,1999-2009,2009-Q4,44,44,0.0
ES,credit_P,1999-2009,2009-Q4,44,44,0.0
FI,credit_P,1999-2009,2009-Q4,44,44,0.0
FR,credit_P,1999-2009,2009-Q4,44,44,0.0
GB,credit_P,1999-2009,2009-Q4,44,44,0.0
GR,credit_P,1999-2009,2009-Q4,44,44,0.0
HK,credit_P,1999-2009,2009-Q4,44,44,0.0
HR,credit_P,1999-2009,2009-Q4,44,0,100.0
HU,credit_P,1999-2009,2009-Q4,44,44,0.0
ID,credit_P,1999-2009,2009-Q4,44,44,0.0
IE,credit_P,1999-2009,2009-Q4,44,44,0.0
IL,credit_P,1999-2009,2009-Q4,44,44,0.0
IN,credit_P,1999-2009,2009-Q4,44,44,0.0
IS,credit_P,1999-2009,2009-Q4,44,0,100.0
IT,credit_P,1999-2009,2009-Q4,44,44,0.0
JP,credit_P,1999-2009,2009-Q4,44,44,0.0
KR,credit_P,1999-2009,2009-Q4,44,44,0.0
KW,credit_P,1999-2009,2009-Q4,44,0,100.0
LU,credit_P,1999-2009,2009-Q4,44,44,0.0
MA,credit_P,1999-2009,2009-Q4,44,0,100.0
MK,credit_P,1999-2009,2009-Q4,44,0,100.0
MX,credit_P,1999-2009,2009-Q4,44,44,0.0
MY,credit_P,1999-2009,2009-Q4,44,44,0.0
NL,credit_P,1999-2009,2009-Q4,44,44,0.0
NO,credit_P,1999-2009,2009-Q4,44,44,0.0
NZ,credit_P,1999-2009,2009-Q4,44,44,0.0
PE,credit_P,1999-2009,2009-Q4,44,0,100.0
PH,credit_P,1999-2009,2009-Q4,44,0,100.0
PL,credit_P,1999-2009,2009-Q4,44,44,0.0
PT,credit_P,1999-2009,2009-Q4,44,44,0.0
RO,credit_P,1999-2009,2009-Q4,44,0,100.0
RS,credit_P,1999-2009,2009-Q4,44,0,100.0
RU,credit_P,1999-2009,2009-Q4,44,44,0.0
SA,credit_P,1999-2009,2009-Q4,44,44,0.0
SE,credit_P,1999-2009,2009-Q4,44,44,0.0
SG,credit_P,1999-2009,2009-Q4,44,44,0.0
TH,credit_P,1999-2009,2009-Q4,44,44,0.0
TR,credit_P,1999-2009,2009-Q4,44,44,0.0
US,credit_P,1999-2009,2009-Q4,44,44,0.0
XM,credit_P,1999-2009,2009-Q4,44,44,0.0
ZA,credit_P,1999-2009,2009-Q4,44,44,0.0
AR,credit_P,2010-2019,2019-Q4,40,40,0.0
AT,credit_P,2010-2019,2019-Q4,40,40,0.0
AU,credit_P,2010-2019,2019-Q4,40,40,0.0
BE,credit_P,2010-2019,2019-Q4,40,40,0.0
BR,credit_P,2010-2019,2019-Q4,40,40,0.0
CA,credit_P,2010-2019,2019-Q4,40,40,0.0
CH,credit_P,2010-2019,2019-Q4,40,40,0.0
CL,credit_P,2010-2019,2019-Q4,40,40,0.0
CN,credit_P,2010-2019,2019-Q4,40,40,0.0
CO,credit_P,2010-2019,2019-Q4,40,40,0.0
CZ,credit_P,2010-2019,2019-Q4,40,40,0.0
DE,credit_P,2010-2019,2019-Q4,40,40,0.0
DK,credit_P,2010-2019,2019-Q4,40,40,0.0
ES,credit_P,2010-2019,2019-Q4,40,40,0.0
FI,credit_P,2010-2019,2019-Q4,40,40,0.0
FR,credit_P,2010-2019,2019-Q4,40,40,0.0
GB,credit_P,2010-2019,2019-Q4,40,40,0.0
GR,credit_P,2010-2019,2019-Q4,40,40,0.0
HK,credit_P,2010-2019,2019-Q4,40,40,0.0
HR,credit_P,2010-2019,2019-Q4,40,0,100.0
HU,credit_P,2010-2019,2019-Q4,40,40,0.0
ID,credit_P,2010-2019,2019-Q4,40,40,0.0
IE,credit_P,2010-2019,2019-Q4,40,40,0.0
IL,credit_P,2010-2019,2019-Q4,40,40,0.0
IN,credit_P,2010-2019,2019-Q4,40,40,0.0
IS,credit_P,2010-2019,2019-Q4,40,0,100.0
IT,credit_P,2010-2019,2019-Q4,40,40,0.0
JP,credit_P,2010-2019,2019-Q4,40,40,0.0
KR,credit_P,2010-2019,2019-Q4,40,40,0.0
KW,credit_P,2010-2019,2019-Q4,40,0,100.0
LU,credit_P,2010-2019,2019-Q4,40,40,0.0
MA,credit_P,2010-2019,2019-Q4,40,0,100.0
MK,credit_P,2010-2019,2019-Q4,40,0,100.0
MX,credit_P,2010-2019,2019-Q4,40,40,0.0
MY,credit_P,2010-2019,2019-Q4,40,40,0.0
NL,credit_P,2010-2019,2019-Q4,40,40,0.0
NO,credit_P,2010-2019,2019-Q4,40,40,0.0
NZ,credit_P,2010-2019,2019-Q4,40,40,0.0
PE,credit_P,2010-2019,2019-Q4,40,0,100.0
PH,credit_P,2010-2019,2019-Q4,40,0,100.0
PL,credit_P,2010-2019,2019-Q4,40,40,0.0
PT,credit_P,2010-2019,2019-Q4,40,40,0.0
RO,credit_P,2010-2019,2019-Q4,40,0,100.0
RS,credit_P,2010-2019,2019-Q4,40,0,100.0
RU,credit_P,2010-2019,2019-Q4,40,40,0.0
SA,credit_P,2010-2019,2019-Q4,40,40,0.0
SE,credit_P,2010-2019,2019-Q4,40,40,0.0
SG,credit_P,2010-2019,2019-Q4,40,40,0.0
TH,credit_P,2010-2019,2019-Q4,40,40,0.0
TR,credit_P,2010-2019,2019-Q4,40,40,0.0
US,credit_P,2010-2019,2019-Q4,40,40,0.0
XM,credit_P,2010-2019,2019-Q4,40,40,0.0
ZA,credit_P,2010-2019,2019-Q4,40,40,0.0
AR,credit_P,2020-latest,2026-Q1,25,25,0.0
AT,credit_P,2020-latest,2026-Q1,25,25,0.0
AU,credit_P,2020-latest,2026-Q1,25,25,0.0
BE,credit_P,2020-latest,2026-Q1,25,25,0.0
BR,credit_P,2020-latest,2026-Q1,25,25,0.0
CA,credit_P,2020-latest,2026-Q1,25,25,0.0
CH,credit_P,2020-latest,2026-Q1,25,25,0.0
CL,credit_P,2020-latest,2026-Q1,25,25,0.0
CN,credit_P,2020-latest,2026-Q1,25,25,0.0
CO,credit_P,2020-latest,2026-Q1,25,25,0.0
CZ,credit_P,2020-latest,2026-Q1,25,25,0.0
DE,credit_P,2020-latest,2026-Q1,25,25,0.0
DK,credit_P,2020-latest,2026-Q1,25,25,0.0
ES,credit_P,2020-latest,2026-Q1,25,25,0.0
FI,credit_P,2020-latest,2026-Q1,25,25,0.0
FR,credit_P,2020-latest,2026-Q1,25,25,0.0
GB,credit_P,2020-latest,2026-Q1,25,25,0.0
GR,credit_P,2020-latest,2026-Q1,25,25,0.0
HK,credit_P,2020-latest,2026-Q1,25,25,0.0
HR,credit_P,2020-latest,2026-Q1,25,0,100.0
HU,credit_P,2020-latest,2026-Q1,25,25,0.0
ID,credit_P,2020-latest,2026-Q1,25,25,0.0
IE,credit_P,2020-latest,2026-Q1,25,25,0.0
IL,credit_P,2020-latest,2026-Q1,25,25,0.0
IN,credit_P,2020-latest,2026-Q1,25,25,0.0
IS,credit_P,2020-latest,2026-Q1,25,0,100.0
IT,credit_P,2020-latest,2026-Q1,25,25,0.0
JP,credit_P,2020-latest,2026-Q1,25,25,0.0
KR,credit_P,2020-latest,2026-Q1,25,25,0.0
KW,credit_P,2020-latest,2026-Q1,25,0,100.0
LU,credit_P,2020-latest,2026-Q1,25,25,0.0
MA,credit_P,2020-latest,2026-Q1,25,0,100.0
MK,credit_P,2020-latest,2026-Q1,25,0,100.0
MX,credit_P,2020-latest,2026-Q1,25,25,0.0
MY,credit_P,2020-latest,2026-Q1,25,25,0.0
NL,credit_P,2020-latest,2026-Q1,25,25,0.0
NO,credit_P,2020-latest,2026-Q1,25,25,0.0
NZ,credit_P,2020-latest,2026-Q1,25,25,0.0
PE,credit_P,2020-latest,2026-Q1,25,0,100.0
PH,credit_P,2020-latest,2026-Q1,25,0,100.0
PL,credit_P,2020-latest,2026-Q1,25,25,0.0
PT,credit_P,2020-latest,2026-Q1,25,25,0.0
RO,credit_P,2020-latest,2026-Q1,25,0,100.0
RS,credit_P,2020-latest,2026-Q1,25,0,100.0
RU,credit_P,2020-latest,2026-Q1,25,25,0.0
SA,credit_P,2020-latest,2026-Q1,25,25,0.0
SE,credit_P,2020-latest,2026-Q1,25,25,0.0
SG,credit_P,2020-latest,2026-Q1,25,25,0.0
TH,credit_P,2020-latest,2026-Q1,25,25,0.0
TR,credit_P,2020-latest,2026-Q1,25,25,0.0
US,credit_P,2020-latest,2026-Q1,25,25,0.0
XM,credit_P,2020-latest,2026-Q1,25,25,0.0
ZA,credit_P,2020-latest,2026-Q1,25,25,0.0
AR,credit_P,1999-latest,2026-Q1,109,109,0.0
AT,credit_P,1999-latest,2026-Q1,109,109,0.0
AU,credit_P,1999-latest,2026-Q1,109,109,0.0
BE,credit_P,1999-latest,2026-Q1,109,109,0.0
BR,credit_P,1999-latest,2026-Q1,109,109,0.0
CA,credit_P,1999-latest,2026-Q1,109,109,0.0
CH,credit_P,1999-latest,2026-Q1,109,109,0.0
CL,credit_P,1999-latest,2026-Q1,109,109,0.0
CN,credit_P,1999-latest,2026-Q1,109,109,0.0
CO,credit_P,1999-latest,2026-Q1,109,109,0.0
CZ,credit_P,1999-latest,2026-Q1,109,109,0.0
DE,credit_P,1999-latest,2026-Q1,109,109,0.0
DK,credit_P,1999-latest,2026-Q1,109,109,0.0
ES,credit_P,1999-latest,2026-Q1,109,109,0.0
FI,credit_P,1999-latest,2026-Q1,109,109,0.0
FR,credit_P,1999-latest,2026-Q1,109,109,0.0
GB,credit_P,1999-latest,2026-Q1,109,109,0.0
GR,credit_P,1999-latest,2026-Q1,109,109,0.0
HK,credit_P,1999-latest,2026-Q1,109,109,0.0
HR,credit_P,1999-latest,2026-Q1,109,0,100.0
HU,credit_P,1999-latest,2026-Q1,109,109,0.0
ID,credit_P,1999-latest,2026-Q1,109,109,0.0
IE,credit_P,1999-latest,2026-Q1,109,109,0.0
IL,credit_P,1999-latest,2026-Q1,109,109,0.0
IN,credit_P,1999-latest,2026-Q1,109,109,0.0
IS,credit_P,1999-latest,2026-Q1,109,0,100.0
IT,credit_P,1999-latest,2026-Q1,109,109,0.0
JP,credit_P,1999-latest,2026-Q1,109,109,0.0
KR,credit_P,1999-latest,2026-Q1,109,109,0.0
KW,credit_P,1999-latest,2026-Q1,109,0,100.0
LU,credit_P,1999-latest,2026-Q1,109,109,0.0
MA,credit_P,1999-latest,2026-Q1,109,0,100.0
MK,credit_P,1999-latest,2026-Q1,109,0,100.0
MX,credit_P,1999-latest,2026-Q1,109,109,0.0
MY,credit_P,1999-latest,2026-Q1,109,109,0.0
NL,credit_P,1999-latest,2026-Q1,109,109,0.0
NO,credit_P,1999-latest,2026-Q1,109,109,0.0
NZ,credit_P,1999-latest,2026-Q1,109,109,0.0
PE,credit_P,1999-latest,2026-Q1,109,0,100.0
PH,credit_P,1999-latest,2026-Q1,109,0,100.0
PL,credit_P,1999-latest,2026-Q1,109,109,0.0
PT,credit_P,1999-latest,2026-Q1,109,109,0.0
RO,credit_P,1999-latest,2026-Q1,109,0,100.0
RS,credit_P,1999-latest,2026-Q1,109,0,100.0
RU,credit_P,1999-latest,2026-Q1,109,109,0.0
SA,credit_P,1999-latest,2026-Q1,109,109,0.0
SE,credit_P,1999-latest,2026-Q1,109,109,0.0
SG,credit_P,1999-latest,2026-Q1,109,109,0.0
TH,credit_P,1999-latest,2026-Q1,109,109,0.0
TR,credit_P,1999-latest,2026-Q1,109,109,0.0
US,credit_P,1999-latest,2026-Q1,109,109,0.0
XM,credit_P,1999-latest,2026-Q1,109,109,0.0
ZA,credit_P,1999-latest,2026-Q1,109,109,0.0
AR,policy,1999-2009,2009-12,132,131,0.8
AT,policy,1999-2009,2009-12,132,132,0.0
AU,policy,1999-2009,2009-12,132,132,0.0
BE,policy,1999-2009,2009-12,132,132,0.0
BR,policy,1999-2009,2009-12,132,132,0.0
CA,policy,1999-2009,2009-12,132,132,0.0
CH,policy,1999-2009,2009-12,132,132,0.0
CL,policy,1999-2009,2009-12,132,132,0.0
CN,policy,1999-2009,2009-12,132,132,0.0
CO,policy,1999-2009,2009-12,132,132,0.0
CZ,policy,1999-2009,2009-12,132,132,0.0
DE,policy,1999-2009,2009-12,132,132,0.0
DK,policy,1999-2009,2009-12,132,132,0.0
ES,policy,1999-2009,2009-12,132,132,0.0
FI,policy,1999-2009,2009-12,132,132,0.0
FR,policy,1999-2009,2009-12,132,132,0.0
GB,policy,1999-2009,2009-12,132,132,0.0
GR,policy,1999-2009,2009-12,132,132,0.0
HK,policy,1999-2009,2009-12,132,132,0.0
HR,policy,1999-2009,2009-12,132,132,0.0
HU,policy,1999-2009,2009-12,132,132,0.0
ID,policy,1999-2009,2009-12,132,54,59.1
IE,policy,1999-2009,2009-12,132,132,0.0
IL,policy,1999-2009,2009-12,132,132,0.0
IN,policy,1999-2009,2009-12,132,132,0.0
IS,policy,1999-2009,2009-12,132,132,0.0
IT,policy,1999-2009,2009-12,132,132,0.0
JP,policy,1999-2009,2009-12,132,56,57.6
KR,policy,1999-2009,2009-12,132,128,3.0
KW,policy,1999-2009,2009-12,132,91,31.1
LU,policy,1999-2009,2009-12,132,132,0.0
MA,policy,1999-2009,2009-12,132,108,18.2
MK,policy,1999-2009,2009-12,132,120,9.1
MX,policy,1999-2009,2009-12,132,132,0.0
MY,policy,1999-2009,2009-12,132,132,0.0
NL,policy,1999-2009,2009-12,132,132,0.0
NO,policy,1999-2009,2009-12,132,132,0.0
NZ,policy,1999-2009,2009-12,132,132,0.0
PE,policy,1999-2009,2009-12,132,76,42.4
PH,policy,1999-2009,2009-12,132,132,0.0
PL,policy,1999-2009,2009-12,132,132,0.0
PT,policy,1999-2009,2009-12,132,132,0.0
RO,policy,1999-2009,2009-12,132,84,36.4
RS,policy,1999-2009,2009-12,132,132,0.0
RU,policy,1999-2009,2009-12,132,132,0.0
SA,policy,1999-2009,2009-12,132,120,9.1
SE,policy,1999-2009,2009-12,132,132,0.0
SG,policy,1999-2009,2009-12,132,0,100.0
TH,policy,1999-2009,2009-12,132,116,12.1
TR,policy,1999-2009,2009-12,132,95,28.0
US,policy,1999-2009,2009-12,132,132,0.0
XM,policy,1999-2009,2009-12,132,132,0.0
ZA,policy,1999-2009,2009-12,132,132,0.0
AR,policy,2010-2019,2019-12,120,120,0.0
AT,policy,2010-2019,2019-12,120,120,0.0
AU,policy,2010-2019,2019-12,120,120,0.0
BE,policy,2010-2019,2019-12,120,120,0.0
BR,policy,2010-2019,2019-12,120,120,0.0
CA,policy,2010-2019,2019-12,120,120,0.0
CH,policy,2010-2019,2019-12,120,120,0.0
CL,policy,2010-2019,2019-12,120,120,0.0
CN,policy,2010-2019,2019-12,120,120,0.0
CO,policy,2010-2019,2019-12,120,120,0.0
CZ,policy,2010-2019,2019-12,120,120,0.0
DE,policy,2010-2019,2019-12,120,120,0.0
DK,policy,2010-2019,2019-12,120,120,0.0
ES,policy,2010-2019,2019-12,120,120,0.0
FI,policy,2010-2019,2019-12,120,120,0.0
FR,policy,2010-2019,2019-12,120,120,0.0
GB,policy,2010-2019,2019-12,120,120,0.0
GR,policy,2010-2019,2019-12,120,120,0.0
HK,policy,2010-2019,2019-12,120,120,0.0
HR,policy,2010-2019,2019-12,120,100,16.7
HU,policy,2010-2019,2019-12,120,120,0.0
ID,policy,2010-2019,2019-12,120,120,0.0
IE,policy,2010-2019,2019-12,120,120,0.0
IL,policy,2010-2019,2019-12,120,120,0.0
IN,policy,2010-2019,2019-12,120,120,0.0
IS,policy,2010-2019,2019-12,120,120,0.0
IT,policy,2010-2019,2019-12,120,120,0.0
JP,policy,2010-2019,2019-12,120,80,33.3
KR,policy,2010-2019,2019-12,120,120,0.0
KW,policy,2010-2019,2019-12,120,120,0.0
LU,policy,2010-2019,2019-12,120,120,0.0
MA,policy,2010-2019,2019-12,120,120,0.0
MK,policy,2010-2019,2019-12,120,120,0.0
MX,policy,2010-2019,2019-12,120,120,0.0
MY,policy,2010-2019,2019-12,120,120,0.0
NL,policy,2010-2019,2019-12,120,120,0.0
NO,policy,2010-2019,2019-12,120,120,0.0
NZ,policy,2010-2019,2019-12,120,120,0.0
PE,policy,2010-2019,2019-12,120,120,0.0
PH,policy,2010-2019,2019-12,120,120,0.0
PL,policy,2010-2019,2019-12,120,120,0.0
PT,policy,2010-2019,2019-12,120,120,0.0
RO,policy,2010-2019,2019-12,120,120,0.0
RS,policy,2010-2019,2019-12,120,120,0.0
RU,policy,2010-2019,2019-12,120,120,0.0
SA,policy,2010-2019,2019-12,120,120,0.0
SE,policy,2010-2019,2019-12,120,120,0.0
SG,policy,2010-2019,2019-12,120,0,100.0
TH,policy,2010-2019,2019-12,120,120,0.0
TR,policy,2010-2019,2019-12,120,120,0.0
US,policy,2010-2019,2019-12,120,120,0.0
XM,policy,2010-2019,2019-12,120,120,0.0
ZA,policy,2010-2019,2019-12,120,120,0.0
AR,policy,2020-latest,2026-08,80,66,17.5
AT,policy,2020-latest,2026-08,80,80,0.0
AU,policy,2020-latest,2026-08,80,80,0.0
BE,policy,2020-latest,2026-08,80,80,0.0
BR,policy,2020-latest,2026-08,80,80,0.0
CA,policy,2020-latest,2026-08,80,80,0.0
CH,policy,2020-latest,2026-08,80,80,0.0
CL,policy,2020-latest,2026-08,80,80,0.0
CN,policy,2020-latest,2026-08,80,80,0.0
CO,policy,2020-latest,2026-08,80,80,0.0
CZ,policy,2020-latest,2026-08,80,80,0.0
DE,policy,2020-latest,2026-08,80,80,0.0
DK,policy,2020-latest,2026-08,80,80,0.0
ES,policy,2020-latest,2026-08,80,80,0.0
FI,policy,2020-latest,2026-08,80,80,0.0
FR,policy,2020-latest,2026-08,80,80,0.0
GB,policy,2020-latest,2026-08,80,80,0.0
GR,policy,2020-latest,2026-08,80,80,0.0
HK,policy,2020-latest,2026-08,80,80,0.0
HR,policy,2020-latest,2026-08,80,48,40.0
HU,policy,2020-latest,2026-08,80,80,0.0
ID,policy,2020-latest,2026-08,80,80,0.0
IE,policy,2020-latest,2026-08,80,80,0.0
IL,policy,2020-latest,2026-08,80,79,1.2
IN,policy,2020-latest,2026-08,80,78,2.5
IS,policy,2020-latest,2026-08,80,80,0.0
IT,policy,2020-latest,2026-08,80,80,0.0
JP,policy,2020-latest,2026-08,80,80,0.0
KR,policy,2020-latest,2026-08,80,79,1.2
KW,policy,2020-latest,2026-08,80,80,0.0
LU,policy,2020-latest,2026-08,80,80,0.0
MA,policy,2020-latest,2026-08,80,80,0.0
MK,policy,2020-latest,2026-08,80,80,0.0
MX,policy,2020-latest,2026-08,80,80,0.0
MY,policy,2020-latest,2026-08,80,80,0.0
NL,policy,2020-latest,2026-08,80,80,0.0
NO,policy,2020-latest,2026-08,80,80,0.0
NZ,policy,2020-latest,2026-08,80,80,0.0
PE,policy,2020-latest,2026-08,80,80,0.0
PH,policy,2020-latest,2026-08,80,80,0.0
PL,policy,2020-latest,2026-08,80,80,0.0
PT,policy,2020-latest,2026-08,80,80,0.0
RO,policy,2020-latest,2026-08,80,80,0.0
RS,policy,2020-latest,2026-08,80,80,0.0
RU,policy,2020-latest,2026-08,80,80,0.0
SA,policy,2020-latest,2026-08,80,80,0.0
SE,policy,2020-latest,2026-08,80,80,0.0
SG,policy,2020-latest,2026-08,80,0,100.0
TH,policy,2020-latest,2026-08,80,80,0.0
TR,policy,2020-latest,2026-08,80,80,0.0
US,policy,2020-latest,2026-08,80,80,0.0
XM,policy,2020-latest,2026-08,80,80,0.0
ZA,policy,2020-latest,2026-08,80,80,0.0
AR,policy,1999-latest,2026-08,332,317,4.5
AT,policy,1999-latest,2026-08,332,332,0.0
AU,policy,1999-latest,2026-08,332,332,0.0
BE,policy,1999-latest,2026-08,332,332,0.0
BR,policy,1999-latest,2026-08,332,332,0.0
CA,policy,1999-latest,2026-08,332,332,0.0
CH,policy,1999-latest,2026-08,332,332,0.0
CL,policy,1999-latest,2026-08,332,332,0.0
CN,policy,1999-latest,2026-08,332,332,0.0
CO,policy,1999-latest,2026-08,332,332,0.0
CZ,policy,1999-latest,2026-08,332,332,0.0
DE,policy,1999-latest,2026-08,332,332,0.0
DK,policy,1999-latest,2026-08,332,332,0.0
ES,policy,1999-latest,2026-08,332,332,0.0
FI,policy,1999-latest,2026-08,332,332,0.0
FR,policy,1999-latest,2026-08,332,332,0.0
GB,policy,1999-latest,2026-08,332,332,0.0
GR,policy,1999-latest,2026-08,332,332,0.0
HK,policy,1999-latest,2026-08,332,332,0.0
HR,policy,1999-latest,2026-08,332,280,15.7
HU,policy,1999-latest,2026-08,332,332,0.0
ID,policy,1999-latest,2026-08,332,254,23.5
IE,policy,1999-latest,2026-08,332,332,0.0
IL,policy,1999-latest,2026-08,332,331,0.3
IN,policy,1999-latest,2026-08,332,330,0.6
IS,policy,1999-latest,2026-08,332,332,0.0
IT,policy,1999-latest,2026-08,332,332,0.0
JP,policy,1999-latest,2026-08,332,216,34.9
KR,policy,1999-latest,2026-08,332,327,1.5
KW,policy,1999-latest,2026-08,332,291,12.3
LU,policy,1999-latest,2026-08,332,332,0.0
MA,policy,1999-latest,2026-08,332,308,7.2
MK,policy,1999-latest,2026-08,332,320,3.6
MX,policy,1999-latest,2026-08,332,332,0.0
MY,policy,1999-latest,2026-08,332,332,0.0
NL,policy,1999-latest,2026-08,332,332,0.0
NO,policy,1999-latest,2026-08,332,332,0.0
NZ,policy,1999-latest,2026-08,332,332,0.0
PE,policy,1999-latest,2026-08,332,276,16.9
PH,policy,1999-latest,2026-08,332,332,0.0
PL,policy,1999-latest,2026-08,332,332,0.0
PT,policy,1999-latest,2026-08,332,332,0.0
RO,policy,1999-latest,2026-08,332,284,14.5
RS,policy,1999-latest,2026-08,332,332,0.0
RU,policy,1999-latest,2026-08,332,332,0.0
SA,policy,1999-latest,2026-08,332,320,3.6
SE,policy,1999-latest,2026-08,332,332,0.0
SG,policy,1999-latest,2026-08,332,0,100.0
TH,policy,1999-latest,2026-08,332,316,4.8
TR,policy,1999-latest,2026-08,332,295,11.1
US,policy,1999-latest,2026-08,332,332,0.0
XM,policy,1999-latest,2026-08,332,332,0.0
ZA,policy,1999-latest,2026-08,332,332,0.0
AR,npl,1999-2009,2009,11,5,54.5
AT,npl,1999-2009,2009,11,4,63.6
AU,npl,1999-2009,2009,11,4,63.6
BE,npl,1999-2009,2009,11,4,63.6
BR,npl,1999-2009,2009,11,5,54.5
CA,npl,1999-2009,2009,11,5,54.5
CH,npl,1999-2009,2009,11,5,54.5
CL,npl,1999-2009,2009,11,9,18.2
CN,npl,1999-2009,2009,11,0,100.0
CO,npl,1999-2009,2009,11,5,54.5
CZ,npl,1999-2009,2009,11,2,81.8
DE,npl,1999-2009,2009,11,0,100.0
DK,npl,1999-2009,2009,11,0,100.0
ES,npl,1999-2009,2009,11,0,100.0
FI,npl,1999-2009,2009,11,3,72.7
FR,npl,1999-2009,2009,11,2,81.8
GB,npl,1999-2009,2009,11,3,72.7
GR,npl,1999-2009,2009,11,2,81.8
HK,npl,1999-2009,2009,11,2,81.8
HR,npl,1999-2009,2009,11,4,63.6
HU,npl,1999-2009,2009,11,2,81.8
ID,npl,1999-2009,2009,11,5,54.5
IE,npl,1999-2009,2009,11,5,54.5
IL,npl,1999-2009,2009,11,0,100.0
IN,npl,1999-2009,2009,11,2,81.8
IS,npl,1999-2009,2009,11,0,100.0
IT,npl,1999-2009,2009,11,5,54.5
JP,npl,1999-2009,2009,11,0,100.0
KR,npl,1999-2009,2009,11,1,90.9
KW,npl,1999-2009,2009,11,3,72.7
LU,npl,1999-2009,2009,11,1,90.9
MA,npl,1999-2009,2009,11,0,100.0
MK,npl,1999-2009,2009,11,5,54.5
MX,npl,1999-2009,2009,11,5,54.5
MY,npl,1999-2009,2009,11,5,54.5
NL,npl,1999-2009,2009,11,2,81.8
NO,npl,1999-2009,2009,11,1,90.9
NZ,npl,1999-2009,2009,11,0,100.0
PE,npl,1999-2009,2009,11,0,100.0
PH,npl,1999-2009,2009,11,1,90.9
PL,npl,1999-2009,2009,11,2,81.8
PT,npl,1999-2009,2009,11,3,72.7
RO,npl,1999-2009,2009,11,3,72.7
RS,npl,1999-2009,2009,11,0,100.0
RU,npl,1999-2009,2009,11,2,81.8
SA,npl,1999-2009,2009,11,1,90.9
SE,npl,1999-2009,2009,11,0,100.0
SG,npl,1999-2009,2009,11,2,81.8
TH,npl,1999-2009,2009,11,4,63.6
TR,npl,1999-2009,2009,11,5,54.5
US,npl,1999-2009,2009,11,1,90.9
XM,npl,1999-2009,2009,11,0,100.0
ZA,npl,1999-2009,2009,11,2,81.8
AR,npl,2010-2019,2019,10,10,0.0
AT,npl,2010-2019,2019,10,10,0.0
AU,npl,2010-2019,2019,10,10,0.0
BE,npl,2010-2019,2019,10,10,0.0
BR,npl,2010-2019,2019,10,10,0.0
CA,npl,2010-2019,2019,10,10,0.0
CH,npl,2010-2019,2019,10,10,0.0
CL,npl,2010-2019,2019,10,10,0.0
CN,npl,2010-2019,2019,10,10,0.0
CO,npl,2010-2019,2019,10,10,0.0
CZ,npl,2010-2019,2019,10,10,0.0
DE,npl,2010-2019,2019,10,0,100.0
DK,npl,2010-2019,2019,10,8,20.0
ES,npl,2010-2019,2019,10,8,20.0
FI,npl,2010-2019,2019,10,10,0.0
FR,npl,2010-2019,2019,10,10,0.0
GB,npl,2010-2019,2019,10,10,0.0
GR,npl,2010-2019,2019,10,10,0.0
HK,npl,2010-2019,2019,10,10,0.0
HR,npl,2010-2019,2019,10,10,0.0
HU,npl,2010-2019,2019,10,10,0.0
ID,npl,2010-2019,2019,10,10,0.0
IE,npl,2010-2019,2019,10,10,0.0
IL,npl,2010-2019,2019,10,8,20.0
IN,npl,2010-2019,2019,10,9,10.0
IS,npl,2010-2019,2019,10,5,50.0
IT,npl,2010-2019,2019,10,10,0.0
JP,npl,2010-2019,2019,10,10,0.0
KR,npl,2010-2019,2019,10,10,0.0
KW,npl,2010-2019,2019,10,10,0.0
LU,npl,2010-2019,2019,10,8,20.0
MA,npl,2010-2019,2019,10,9,10.0
MK,npl,2010-2019,2019,10,10,0.0
MX,npl,2010-2019,2019,10,10,0.0
MY,npl,2010-2019,2019,10,10,0.0
NL,npl,2010-2019,2019,10,10,0.0
NO,npl,2010-2019,2019,10,10,0.0
NZ,npl,2010-2019,2019,10,0,100.0
PE,npl,2010-2019,2019,10,10,0.0
PH,npl,2010-2019,2019,10,10,0.0
PL,npl,2010-2019,2019,10,10,0.0
PT,npl,2010-2019,2019,10,10,0.0
RO,npl,2010-2019,2019,10,10,0.0
RS,npl,2010-2019,2019,10,0,100.0
RU,npl,2010-2019,2019,10,10,0.0
SA,npl,2010-2019,2019,10,10,0.0
SE,npl,2010-2019,2019,10,4,60.0
SG,npl,2010-2019,2019,10,10,0.0
TH,npl,2010-2019,2019,10,10,0.0
TR,npl,2010-2019,2019,10,10,0.0
US,npl,2010-2019,2019,10,10,0.0
XM,npl,2010-2019,2019,10,0,100.0
ZA,npl,2010-2019,2019,10,10,0.0
AR,npl,2020-latest,2025,6,6,0.0
AT,npl,2020-latest,2025,6,5,16.7
AU,npl,2020-latest,2025,6,6,0.0
BE,npl,2020-latest,2025,6,6,0.0
BR,npl,2020-latest,2025,6,6,0.0
CA,npl,2020-latest,2025,6,6,0.0
CH,npl,2020-latest,2025,6,6,0.0
CL,npl,2020-latest,2025,6,6,0.0
CN,npl,2020-latest,2025,6,5,16.7
CO,npl,2020-latest,2025,6,6,0.0
CZ,npl,2020-latest,2025,6,6,0.0
DE,npl,2020-latest,2025,6,4,33.3
DK,npl,2020-latest,2025,6,6,0.0
ES,npl,2020-latest,2025,6,6,0.0
FI,npl,2020-latest,2025,6,6,0.0
FR,npl,2020-latest,2025,6,5,16.7
GB,npl,2020-latest,2025,6,6,0.0
GR,npl,2020-latest,2025,6,6,0.0
HK,npl,2020-latest,2025,6,6,0.0
HR,npl,2020-latest,2025,6,6,0.0
HU,npl,2020-latest,2025,6,6,0.0
ID,npl,2020-latest,2025,6,6,0.0
IE,npl,2020-latest,2025,6,5,16.7
IL,npl,2020-latest,2025,6,5,16.7
IN,npl,2020-latest,2025,6,6,0.0
IS,npl,2020-latest,2025,6,6,0.0
IT,npl,2020-latest,2025,6,6,0.0
JP,npl,2020-latest,2025,6,3,50.0
KR,npl,2020-latest,2025,6,4,33.3
KW,npl,2020-latest,2025,6,6,0.0
LU,npl,2020-latest,2025,6,6,0.0
MA,npl,2020-latest,2025,6,5,16.7
MK,npl,2020-latest,2025,6,6,0.0
MX,npl,2020-latest,2025,6,6,0.0
MY,npl,2020-latest,2025,6,6,0.0
NL,npl,2020-latest,2025,6,6,0.0
NO,npl,2020-latest,2025,6,6,0.0
NZ,npl,2020-latest,2025,6,0,100.0
PE,npl,2020-latest,2025,6,5,16.7
PH,npl,2020-latest,2025,6,6,0.0
PL,npl,2020-latest,2025,6,6,0.0
PT,npl,2020-latest,2025,6,6,0.0
RO,npl,2020-latest,2025,6,6,0.0
RS,npl,2020-latest,2025,6,0,100.0
RU,npl,2020-latest,2025,6,4,33.3
SA,npl,2020-latest,2025,6,6,0.0
SE,npl,2020-latest,2025,6,6,0.0
SG,npl,2020-latest,2025,6,0,100.0
TH,npl,2020-latest,2025,6,5,16.7
TR,npl,2020-latest,2025,6,5,16.7
US,npl,2020-latest,2025,6,6,0.0
XM,npl,2020-latest,2025,6,0,100.0
ZA,npl,2020-latest,2025,6,5,16.7
AR,npl,1999-latest,2025,27,21,22.2
AT,npl,1999-latest,2025,27,19,29.6
AU,npl,1999-latest,2025,27,20,25.9
BE,npl,1999-latest,2025,27,20,25.9
BR,npl,1999-latest,2025,27,21,22.2
CA,npl,1999-latest,2025,27,21,22.2
CH,npl,1999-latest,2025,27,21,22.2
CL,npl,1999-latest,2025,27,25,7.4
CN,npl,1999-latest,2025,27,15,44.4
CO,npl,1999-latest,2025,27,21,22.2
CZ,npl,1999-latest,2025,27,18,33.3
DE,npl,1999-latest,2025,27,4,85.2
DK,npl,1999-latest,2025,27,14,48.1
ES,npl,1999-latest,2025,27,14,48.1
FI,npl,1999-latest,2025,27,19,29.6
FR,npl,1999-latest,2025,27,17,37.0
GB,npl,1999-latest,2025,27,19,29.6
GR,npl,1999-latest,2025,27,18,33.3
HK,npl,1999-latest,2025,27,18,33.3
HR,npl,1999-latest,2025,27,20,25.9
HU,npl,1999-latest,2025,27,18,33.3
ID,npl,1999-latest,2025,27,21,22.2
IE,npl,1999-latest,2025,27,20,25.9
IL,npl,1999-latest,2025,27,13,51.9
IN,npl,1999-latest,2025,27,17,37.0
IS,npl,1999-latest,2025,27,11,59.3
IT,npl,1999-latest,2025,27,21,22.2
JP,npl,1999-latest,2025,27,13,51.9
KR,npl,1999-latest,2025,27,15,44.4
KW,npl,1999-latest,2025,27,19,29.6
LU,npl,1999-latest,2025,27,15,44.4
MA,npl,1999-latest,2025,27,14,48.1
MK,npl,1999-latest,2025,27,21,22.2
MX,npl,1999-latest,2025,27,21,22.2
MY,npl,1999-latest,2025,27,21,22.2
NL,npl,1999-latest,2025,27,18,33.3
NO,npl,1999-latest,2025,27,17,37.0
NZ,npl,1999-latest,2025,27,0,100.0
PE,npl,1999-latest,2025,27,15,44.4
PH,npl,1999-latest,2025,27,17,37.0
PL,npl,1999-latest,2025,27,18,33.3
PT,npl,1999-latest,2025,27,19,29.6
RO,npl,1999-latest,2025,27,19,29.6
RS,npl,1999-latest,2025,27,0,100.0
RU,npl,1999-latest,2025,27,16,40.7
SA,npl,1999-latest,2025,27,17,37.0
SE,npl,1999-latest,2025,27,10,63.0
SG,npl,1999-latest,2025,27,12,55.6
TH,npl,1999-latest,2025,27,19,29.6
TR,npl,1999-latest,2025,27,20,25.9
US,npl,1999-latest,2025,27,17,37.0
XM,npl,1999-latest,2025,27,0,100.0
ZA,npl,1999-latest,2025,27,17,37.0
