ecb_name,euro_since,source,retrieved
Austria,1999,https://www.ecb.europa.eu/euro/intro/html/map.en.html,2026-10-06
Belgium,1999,https://www.ecb.europa.eu/euro/intro/html/map.en.html,2026-10-06
Bulgaria,2026,https://www.ecb.europa.eu/euro/intro/html/map.en.html,2026-10-06
Croatia,2023,https://www.ecb.europa.eu/euro/intro/html/map.en.html,2026-10-06
Cyprus,2008,https://www.ecb.europa.eu/euro/intro/html/map.en.html,2026-10-06
Estonia,2011,https://www.ecb.europa.eu/euro/intro/html/map.en.html,2026-10-06
Finland,1999,https://www.ecb.europa.eu/euro/intro/html/map.en.html,2026-10-06
France,1999,https://www.ecb.europa.eu/euro/intro/html/map.en.html,2026-10-06
Germany,1999,https://www.ecb.europa.eu/euro/intro/html/map.en.html,2026-10-06
Greece,2001,https://www.ecb.europa.eu/euro/intro/html/map.en.html,2026-10-06
Ireland,1999,https://www.ecb.europa.eu/euro/intro/html/map.en.html,2026-10-06
Italy,1999,https://www.ecb.europa.eu/euro/intro/html/map.en.html,2026-10-06
Latvia,2014,https://www.ecb.europa.eu/euro/intro/html/map.en.html,2026-10-06
Lithuania,2015,https://www.ecb.europa.eu/euro/intro/html/map.en.html,2026-10-06
Luxembourg,1999,https://www.ecb.europa.eu/euro/intro/html/map.en.html,2026-10-06
Malta,2008,https://www.ecb.europa.eu/euro/intro/html/map.en.html,2026-10-06
Netherlands,1999,https://www.ecb.europa.eu/euro/intro/html/map.en.html,2026-10-06
Portugal,1999,https://www.ecb.europa.eu/euro/intro/html/map.en.html,2026-10-06
Slovakia,2009,https://www.ecb.europa.eu/euro/intro/html/map.en.html,2026-10-06
Slovenia,2007,https://www.ecb.europa.eu/euro/intro/html/map.en.html,2026-10-06
Spain,1999,https://www.ecb.europa.eu/euro/intro/html/map.en.html,2026-10-06
