country,countryiso3code,date,NPL_ratio
Argentina,ARG,1960,
Argentina,ARG,1961,
Argentina,ARG,1962,
Argentina,ARG,1963,
Argentina,ARG,1964,
Argentina,ARG,1965,
Argentina,ARG,1966,
Argentina,ARG,1967,
Argentina,ARG,1968,
Argentina,ARG,1969,
Argentina,ARG,1970,
Argentina,ARG,1971,
Argentina,ARG,1972,
Argentina,ARG,1973,
Argentina,ARG,1974,
Argentina,ARG,1975,
Argentina,ARG,1976,
Argentina,ARG,1977,
Argentina,ARG,1978,
Argentina,ARG,1979,
Argentina,ARG,1980,
Argentina,ARG,1981,
Argentina,ARG,1982,
Argentina,ARG,1983,
Argentina,ARG,1984,
Argentina,ARG,1985,
Argentina,ARG,1986,
Argentina,ARG,1987,
Argentina,ARG,1988,
Argentina,ARG,1989,
Argentina,ARG,1990,
Argentina,ARG,1991,
Argentina,ARG,1992,
Argentina,ARG,1993,
Argentina,ARG,1994,
Argentina,ARG,1995,
Argentina,ARG,1996,
Argentina,ARG,1997,
Argentina,ARG,1998,
Argentina,ARG,1999,
Argentina,ARG,2000,
Argentina,ARG,2001,
Argentina,ARG,2002,
Argentina,ARG,2003,
Argentina,ARG,2004,
Argentina,ARG,2005,5.1808433744425
Argentina,ARG,2006,3.3907141955962
Argentina,ARG,2007,2.72684750122497
Argentina,ARG,2008,2.67920601141364
Argentina,ARG,2009,2.98195821294241
Argentina,ARG,2010,1.84399576317014
Argentina,ARG,2011,1.22770795872112
Argentina,ARG,2012,1.53673589612636
Argentina,ARG,2013,1.53372870982538
Argentina,ARG,2014,1.79255873857877
Argentina,ARG,2015,1.5742013281649
Argentina,ARG,2016,1.70027750562074
Argentina,ARG,2017,1.73479928371252
Argentina,ARG,2018,2.95778551361675
Argentina,ARG,2019,5.7029147138395
Argentina,ARG,2020,4.15006400338997
Argentina,ARG,2021,4.29211290587395
Argentina,ARG,2022,3.09401335778846
Argentina,ARG,2023,3.54904853535679
Argentina,ARG,2024,1.56400803016664
Argentina,ARG,2025,5.29307311972797
Australia,AUS,1960,
Australia,AUS,1961,
Australia,AUS,1962,
Australia,AUS,1963,
Australia,AUS,1964,
Australia,AUS,1965,
Australia,AUS,1966,
Australia,AUS,1967,
Australia,AUS,1968,
Australia,AUS,1969,
Australia,AUS,1970,
Australia,AUS,1971,
Australia,AUS,1972,
Australia,AUS,1973,
Australia,AUS,1974,
Australia,AUS,1975,
Australia,AUS,1976,
Australia,AUS,1977,
Australia,AUS,1978,
Australia,AUS,1979,
Australia,AUS,1980,
Australia,AUS,1981,
Australia,AUS,1982,
Australia,AUS,1983,
Australia,AUS,1984,
Australia,AUS,1985,
Australia,AUS,1986,
Australia,AUS,1987,
Australia,AUS,1988,
Australia,AUS,1989,
Australia,AUS,1990,
Australia,AUS,1991,
Australia,AUS,1992,
Australia,AUS,1993,
Australia,AUS,1994,
Australia,AUS,1995,
Australia,AUS,1996,
Australia,AUS,1997,
Australia,AUS,1998,
Australia,AUS,1999,
Australia,AUS,2000,
Australia,AUS,2001,
Australia,AUS,2002,
Australia,AUS,2003,
Australia,AUS,2004,
Australia,AUS,2005,
Australia,AUS,2006,0.574013140486955
Australia,AUS,2007,0.559225604529487
Australia,AUS,2008,1.35526208847002
Australia,AUS,2009,2.01806458457877
Australia,AUS,2010,2.1485612599986
Australia,AUS,2011,1.96838634633668
Australia,AUS,2012,1.70189150824109
Australia,AUS,2013,1.36517488167218
Australia,AUS,2014,1.01384449933767
Australia,AUS,2015,0.88872549882617
Australia,AUS,2016,0.947676353339702
Australia,AUS,2017,0.85701375017575
Australia,AUS,2018,0.901855193874304
Australia,AUS,2019,0.961493162441896
Australia,AUS,2020,1.10778271314937
Australia,AUS,2021,0.912575245358042
Australia,AUS,2022,0.72166697284902
Australia,AUS,2023,0.853813554299551
Australia,AUS,2024,0.994877225557668
Australia,AUS,2025,1.00178399000036
Austria,AUT,1960,
Austria,AUT,1961,
Austria,AUT,1962,
Austria,AUT,1963,
Austria,AUT,1964,
Austria,AUT,1965,
Austria,AUT,1966,
Austria,AUT,1967,
Austria,AUT,1968,
Austria,AUT,1969,
Austria,AUT,1970,
Austria,AUT,1971,
Austria,AUT,1972,
Austria,AUT,1973,
Austria,AUT,1974,
Austria,AUT,1975,
Austria,AUT,1976,
Austria,AUT,1977,
Austria,AUT,1978,
Austria,AUT,1979,
Austria,AUT,1980,
Austria,AUT,1981,
Austria,AUT,1982,
Austria,AUT,1983,
Austria,AUT,1984,
Austria,AUT,1985,
Austria,AUT,1986,
Austria,AUT,1987,
Austria,AUT,1988,
Austria,AUT,1989,
Austria,AUT,1990,
Austria,AUT,1991,
Austria,AUT,1992,
Austria,AUT,1993,
Austria,AUT,1994,
Austria,AUT,1995,
Austria,AUT,1996,
Austria,AUT,1997,
Austria,AUT,1998,
Austria,AUT,1999,
Austria,AUT,2000,
Austria,AUT,2001,
Austria,AUT,2002,
Austria,AUT,2003,
Austria,AUT,2004,
Austria,AUT,2005,
Austria,AUT,2006,2.73942939162815
Austria,AUT,2007,2.24246731582086
Austria,AUT,2008,1.90306942802893
Austria,AUT,2009,2.25042258658752
Austria,AUT,2010,2.83071715205898
Austria,AUT,2011,2.70681550509306
Austria,AUT,2012,2.81336476630545
Austria,AUT,2013,2.86654169526513
Austria,AUT,2014,3.47337431453068
Austria,AUT,2015,3.39283728404187
Austria,AUT,2016,2.69521741465076
Austria,AUT,2017,2.36889544229069
Austria,AUT,2018,2.90095686469682
Austria,AUT,2019,2.41057983492873
Austria,AUT,2020,2.38904558369577
Austria,AUT,2021,2.08460790714203
Austria,AUT,2022,1.99589852996514
Austria,AUT,2023,2.52563805409574
Austria,AUT,2024,2.93343148636791
Austria,AUT,2025,
Belgium,BEL,1960,
Belgium,BEL,1961,
Belgium,BEL,1962,
Belgium,BEL,1963,
Belgium,BEL,1964,
Belgium,BEL,1965,
Belgium,BEL,1966,
Belgium,BEL,1967,
Belgium,BEL,1968,
Belgium,BEL,1969,
Belgium,BEL,1970,
Belgium,BEL,1971,
Belgium,BEL,1972,
Belgium,BEL,1973,
Belgium,BEL,1974,
Belgium,BEL,1975,
Belgium,BEL,1976,
Belgium,BEL,1977,
Belgium,BEL,1978,
Belgium,BEL,1979,
Belgium,BEL,1980,
Belgium,BEL,1981,
Belgium,BEL,1982,
Belgium,BEL,1983,
Belgium,BEL,1984,
Belgium,BEL,1985,
Belgium,BEL,1986,
Belgium,BEL,1987,
Belgium,BEL,1988,
Belgium,BEL,1989,
Belgium,BEL,1990,
Belgium,BEL,1991,
Belgium,BEL,1992,
Belgium,BEL,1993,
Belgium,BEL,1994,
Belgium,BEL,1995,
Belgium,BEL,1996,
Belgium,BEL,1997,
Belgium,BEL,1998,
Belgium,BEL,1999,
Belgium,BEL,2000,
Belgium,BEL,2001,
Belgium,BEL,2002,
Belgium,BEL,2003,
Belgium,BEL,2004,
Belgium,BEL,2005,
Belgium,BEL,2006,1.28016415707088
Belgium,BEL,2007,1.16267286868485
Belgium,BEL,2008,1.66567893097525
Belgium,BEL,2009,3.1149472043257
Belgium,BEL,2010,2.83293355859471
Belgium,BEL,2011,3.34867691886338
Belgium,BEL,2012,3.79788657163647
Belgium,BEL,2013,4.31853746708399
Belgium,BEL,2014,4.24739060198863
Belgium,BEL,2015,3.85093164747181
Belgium,BEL,2016,3.48452664274546
Belgium,BEL,2017,2.96174954064201
Belgium,BEL,2018,2.26826570545996
Belgium,BEL,2019,2.08706915566812
Belgium,BEL,2020,2.06995809018823
Belgium,BEL,2021,2.03126042204703
Belgium,BEL,2022,1.83865174031702
Belgium,BEL,2023,1.82074761185815
Belgium,BEL,2024,2.00199409187463
Belgium,BEL,2025,1.99578290053879
Brazil,BRA,1960,
Brazil,BRA,1961,
Brazil,BRA,1962,
Brazil,BRA,1963,
Brazil,BRA,1964,
Brazil,BRA,1965,
Brazil,BRA,1966,
Brazil,BRA,1967,
Brazil,BRA,1968,
Brazil,BRA,1969,
Brazil,BRA,1970,
Brazil,BRA,1971,
Brazil,BRA,1972,
Brazil,BRA,1973,
Brazil,BRA,1974,
Brazil,BRA,1975,
Brazil,BRA,1976,
Brazil,BRA,1977,
Brazil,BRA,1978,
Brazil,BRA,1979,
Brazil,BRA,1980,
Brazil,BRA,1981,
Brazil,BRA,1982,
Brazil,BRA,1983,
Brazil,BRA,1984,
Brazil,BRA,1985,
Brazil,BRA,1986,
Brazil,BRA,1987,
Brazil,BRA,1988,
Brazil,BRA,1989,
Brazil,BRA,1990,
Brazil,BRA,1991,
Brazil,BRA,1992,
Brazil,BRA,1993,
Brazil,BRA,1994,
Brazil,BRA,1995,
Brazil,BRA,1996,
Brazil,BRA,1997,
Brazil,BRA,1998,
Brazil,BRA,1999,
Brazil,BRA,2000,
Brazil,BRA,2001,
Brazil,BRA,2002,
Brazil,BRA,2003,
Brazil,BRA,2004,
Brazil,BRA,2005,3.52553179140661
Brazil,BRA,2006,3.46066404520993
Brazil,BRA,2007,2.98260391267765
Brazil,BRA,2008,3.10639256827815
Brazil,BRA,2009,4.2149946970135
Brazil,BRA,2010,3.10772417173934
Brazil,BRA,2011,3.46686409051456
Brazil,BRA,2012,3.44682339262827
Brazil,BRA,2013,2.85728229301093
Brazil,BRA,2014,2.25174733022776
Brazil,BRA,2015,2.84649627717535
Brazil,BRA,2016,3.08157613195282
Brazil,BRA,2017,2.8789163660392
Brazil,BRA,2018,2.59786426236426
Brazil,BRA,2019,2.65554756569736
Brazil,BRA,2020,1.86754766697946
Brazil,BRA,2021,2.07937608671227
Brazil,BRA,2022,2.64123318576758
Brazil,BRA,2023,2.84264311217319
Brazil,BRA,2024,2.71543100107416
Brazil,BRA,2025,3.87755027454783
Canada,CAN,1960,
Canada,CAN,1961,
Canada,CAN,1962,
Canada,CAN,1963,
Canada,CAN,1964,
Canada,CAN,1965,
Canada,CAN,1966,
Canada,CAN,1967,
Canada,CAN,1968,
Canada,CAN,1969,
Canada,CAN,1970,
Canada,CAN,1971,
Canada,CAN,1972,
Canada,CAN,1973,
Canada,CAN,1974,
Canada,CAN,1975,
Canada,CAN,1976,
Canada,CAN,1977,
Canada,CAN,1978,
Canada,CAN,1979,
Canada,CAN,1980,
Canada,CAN,1981,
Canada,CAN,1982,
Canada,CAN,1983,
Canada,CAN,1984,
Canada,CAN,1985,
Canada,CAN,1986,
Canada,CAN,1987,
Canada,CAN,1988,
Canada,CAN,1989,
Canada,CAN,1990,
Canada,CAN,1991,
Canada,CAN,1992,
Canada,CAN,1993,
Canada,CAN,1994,
Canada,CAN,1995,
Canada,CAN,1996,
Canada,CAN,1997,
Canada,CAN,1998,
Canada,CAN,1999,
Canada,CAN,2000,
Canada,CAN,2001,
Canada,CAN,2002,
Canada,CAN,2003,
Canada,CAN,2004,
Canada,CAN,2005,0.499517649324799
Canada,CAN,2006,0.420325955427001
Canada,CAN,2007,0.431596614050766
Canada,CAN,2008,0.763250457412455
Canada,CAN,2009,1.2668705581618
Canada,CAN,2010,1.19245724160614
Canada,CAN,2011,0.844688790542747
Canada,CAN,2012,0.651152891186438
Canada,CAN,2013,0.574918196148752
Canada,CAN,2014,0.517878594833065
Canada,CAN,2015,0.516596294246743
Canada,CAN,2016,0.596050944805398
Canada,CAN,2017,0.449461039885322
Canada,CAN,2018,0.505214192405336
Canada,CAN,2019,0.503405461160356
Canada,CAN,2020,0.52681278365295
Canada,CAN,2021,0.376260029910392
Canada,CAN,2022,0.334331435857722
Canada,CAN,2023,0.454242517964679
Canada,CAN,2024,0.568690030721405
Canada,CAN,2025,0.706375799816991
Switzerland,CHE,1960,
Switzerland,CHE,1961,
Switzerland,CHE,1962,
Switzerland,CHE,1963,
Switzerland,CHE,1964,
Switzerland,CHE,1965,
Switzerland,CHE,1966,
Switzerland,CHE,1967,
Switzerland,CHE,1968,
Switzerland,CHE,1969,
Switzerland,CHE,1970,
Switzerland,CHE,1971,
Switzerland,CHE,1972,
Switzerland,CHE,1973,
Switzerland,CHE,1974,
Switzerland,CHE,1975,
Switzerland,CHE,1976,
Switzerland,CHE,1977,
Switzerland,CHE,1978,
Switzerland,CHE,1979,
Switzerland,CHE,1980,
Switzerland,CHE,1981,
Switzerland,CHE,1982,
Switzerland,CHE,1983,
Switzerland,CHE,1984,
Switzerland,CHE,1985,
Switzerland,CHE,1986,
Switzerland,CHE,1987,
Switzerland,CHE,1988,
Switzerland,CHE,1989,
Switzerland,CHE,1990,
Switzerland,CHE,1991,
Switzerland,CHE,1992,
Switzerland,CHE,1993,
Switzerland,CHE,1994,
Switzerland,CHE,1995,
Switzerland,CHE,1996,
Switzerland,CHE,1997,
Switzerland,CHE,1998,
Switzerland,CHE,1999,
Switzerland,CHE,2000,
Switzerland,CHE,2001,
Switzerland,CHE,2002,
Switzerland,CHE,2003,
Switzerland,CHE,2004,
Switzerland,CHE,2005,1.23094696053995
Switzerland,CHE,2006,0.907507444103247
Switzerland,CHE,2007,0.742070155737349
Switzerland,CHE,2008,0.886250842943545
Switzerland,CHE,2009,1.01055452256894
Switzerland,CHE,2010,0.84498358262328
Switzerland,CHE,2011,0.798863737604319
Switzerland,CHE,2012,0.764050251441169
Switzerland,CHE,2013,0.750862344440604
Switzerland,CHE,2014,0.702430455095102
Switzerland,CHE,2015,0.736258568730844
Switzerland,CHE,2016,0.72973105534565
Switzerland,CHE,2017,0.644092865487904
Switzerland,CHE,2018,0.668886023069019
Switzerland,CHE,2019,0.644681878171941
Switzerland,CHE,2020,0.754607674363497
Switzerland,CHE,2021,0.664684261351734
Switzerland,CHE,2022,0.685275122945014
Switzerland,CHE,2023,0.758483325820007
Switzerland,CHE,2024,0.829135649016558
Switzerland,CHE,2025,0.774440625350785
Chile,CHL,1960,
Chile,CHL,1961,
Chile,CHL,1962,
Chile,CHL,1963,
Chile,CHL,1964,
Chile,CHL,1965,
Chile,CHL,1966,
Chile,CHL,1967,
Chile,CHL,1968,
Chile,CHL,1969,
Chile,CHL,1970,
Chile,CHL,1971,
Chile,CHL,1972,
Chile,CHL,1973,
Chile,CHL,1974,
Chile,CHL,1975,
Chile,CHL,1976,
Chile,CHL,1977,
Chile,CHL,1978,
Chile,CHL,1979,
Chile,CHL,1980,
Chile,CHL,1981,
Chile,CHL,1982,
Chile,CHL,1983,
Chile,CHL,1984,
Chile,CHL,1985,
Chile,CHL,1986,
Chile,CHL,1987,
Chile,CHL,1988,
Chile,CHL,1989,
Chile,CHL,1990,
Chile,CHL,1991,
Chile,CHL,1992,
Chile,CHL,1993,
Chile,CHL,1994,
Chile,CHL,1995,
Chile,CHL,1996,
Chile,CHL,1997,
Chile,CHL,1998,
Chile,CHL,1999,
Chile,CHL,2000,
Chile,CHL,2001,1.61915877786992
Chile,CHL,2002,1.82299683787379
Chile,CHL,2003,1.63483787843427
Chile,CHL,2004,1.20249750508306
Chile,CHL,2005,0.905289363028411
Chile,CHL,2006,0.748131241077717
Chile,CHL,2007,0.750701584683205
Chile,CHL,2008,0.963982159718426
Chile,CHL,2009,2.87804131970691
Chile,CHL,2010,2.64236372125984
Chile,CHL,2011,2.29689810626242
Chile,CHL,2012,2.06521444417698
Chile,CHL,2013,1.95980657852684
Chile,CHL,2014,1.92055529368575
Chile,CHL,2015,1.71974445235598
Chile,CHL,2016,1.83263616219253
Chile,CHL,2017,1.91636250925282
Chile,CHL,2018,1.8720146209385
Chile,CHL,2019,2.05504919265993
Chile,CHL,2020,1.55298924761218
Chile,CHL,2021,1.22877234927757
Chile,CHL,2022,1.66548621052272
Chile,CHL,2023,2.10437903634883
Chile,CHL,2024,2.34248545083061
Chile,CHL,2025,2.39990391503787
China,CHN,1960,
China,CHN,1961,
China,CHN,1962,
China,CHN,1963,
China,CHN,1964,
China,CHN,1965,
China,CHN,1966,
China,CHN,1967,
China,CHN,1968,
China,CHN,1969,
China,CHN,1970,
China,CHN,1971,
China,CHN,1972,
China,CHN,1973,
China,CHN,1974,
China,CHN,1975,
China,CHN,1976,
China,CHN,1977,
China,CHN,1978,
China,CHN,1979,
China,CHN,1980,
China,CHN,1981,
China,CHN,1982,
China,CHN,1983,
China,CHN,1984,
China,CHN,1985,
China,CHN,1986,
China,CHN,1987,
China,CHN,1988,
China,CHN,1989,
China,CHN,1990,
China,CHN,1991,
China,CHN,1992,
China,CHN,1993,
China,CHN,1994,
China,CHN,1995,
China,CHN,1996,
China,CHN,1997,
China,CHN,1998,
China,CHN,1999,
China,CHN,2000,
China,CHN,2001,
China,CHN,2002,
China,CHN,2003,
China,CHN,2004,
China,CHN,2005,
China,CHN,2006,
China,CHN,2007,
China,CHN,2008,
China,CHN,2009,
China,CHN,2010,1.13237045139299
China,CHN,2011,0.961585528954036
China,CHN,2012,0.953674330051852
China,CHN,2013,0.999702805112438
China,CHN,2014,1.24873335628106
China,CHN,2015,1.67388016445151
China,CHN,2016,1.74447934478824
China,CHN,2017,1.74435460635256
China,CHN,2018,1.83294883223349
China,CHN,2019,1.86175485330958
China,CHN,2020,1.83961969163289
China,CHN,2021,1.72739169215062
China,CHN,2022,1.63239836873406
China,CHN,2023,1.59268926761592
China,CHN,2024,1.50455245481593
China,CHN,2025,
Colombia,COL,1960,
Colombia,COL,1961,
Colombia,COL,1962,
Colombia,COL,1963,
Colombia,COL,1964,
Colombia,COL,1965,
Colombia,COL,1966,
Colombia,COL,1967,
Colombia,COL,1968,
Colombia,COL,1969,
Colombia,COL,1970,
Colombia,COL,1971,
Colombia,COL,1972,
Colombia,COL,1973,
Colombia,COL,1974,
Colombia,COL,1975,
Colombia,COL,1976,
Colombia,COL,1977,
Colombia,COL,1978,
Colombia,COL,1979,
Colombia,COL,1980,
Colombia,COL,1981,
Colombia,COL,1982,
Colombia,COL,1983,
Colombia,COL,1984,
Colombia,COL,1985,
Colombia,COL,1986,
Colombia,COL,1987,
Colombia,COL,1988,
Colombia,COL,1989,
Colombia,COL,1990,
Colombia,COL,1991,
Colombia,COL,1992,
Colombia,COL,1993,
Colombia,COL,1994,
Colombia,COL,1995,
Colombia,COL,1996,
Colombia,COL,1997,
Colombia,COL,1998,
Colombia,COL,1999,
Colombia,COL,2000,
Colombia,COL,2001,
Colombia,COL,2002,
Colombia,COL,2003,
Colombia,COL,2004,
Colombia,COL,2005,2.74843383039405
Colombia,COL,2006,2.65981848339105
Colombia,COL,2007,3.22929327504344
Colombia,COL,2008,3.93217828600417
Colombia,COL,2009,4.01283835055224
Colombia,COL,2010,2.86337656354999
Colombia,COL,2011,2.49554384848147
Colombia,COL,2012,2.758458591123
Colombia,COL,2013,2.7753536292828
Colombia,COL,2014,2.91526084121936
Colombia,COL,2015,2.8476727881339
Colombia,COL,2016,3.12453653608401
Colombia,COL,2017,4.17978145473376
Colombia,COL,2018,3.42763699082024
Colombia,COL,2019,3.1496313020411
Colombia,COL,2020,3.67474893917792
Colombia,COL,2021,3.03403217872112
Colombia,COL,2022,2.46797285484092
Colombia,COL,2023,3.47221378199867
Colombia,COL,2024,3.5456435895985
Colombia,COL,2025,2.96467383509758
Czechia,CZE,1960,
Czechia,CZE,1961,
Czechia,CZE,1962,
Czechia,CZE,1963,
Czechia,CZE,1964,
Czechia,CZE,1965,
Czechia,CZE,1966,
Czechia,CZE,1967,
Czechia,CZE,1968,
Czechia,CZE,1969,
Czechia,CZE,1970,
Czechia,CZE,1971,
Czechia,CZE,1972,
Czechia,CZE,1973,
Czechia,CZE,1974,
Czechia,CZE,1975,
Czechia,CZE,1976,
Czechia,CZE,1977,
Czechia,CZE,1978,
Czechia,CZE,1979,
Czechia,CZE,1980,
Czechia,CZE,1981,
Czechia,CZE,1982,
Czechia,CZE,1983,
Czechia,CZE,1984,
Czechia,CZE,1985,
Czechia,CZE,1986,
Czechia,CZE,1987,
Czechia,CZE,1988,
Czechia,CZE,1989,
Czechia,CZE,1990,
Czechia,CZE,1991,
Czechia,CZE,1992,
Czechia,CZE,1993,
Czechia,CZE,1994,
Czechia,CZE,1995,
Czechia,CZE,1996,
Czechia,CZE,1997,
Czechia,CZE,1998,
Czechia,CZE,1999,
Czechia,CZE,2000,
Czechia,CZE,2001,
Czechia,CZE,2002,
Czechia,CZE,2003,
Czechia,CZE,2004,
Czechia,CZE,2005,
Czechia,CZE,2006,
Czechia,CZE,2007,
Czechia,CZE,2008,2.82387346236027
Czechia,CZE,2009,4.49075321988402
Czechia,CZE,2010,5.45823355942603
Czechia,CZE,2011,5.29287307900867
Czechia,CZE,2012,5.35167967265286
Czechia,CZE,2013,5.26338617282874
Czechia,CZE,2014,5.63910825786119
Czechia,CZE,2015,5.43997199514248
Czechia,CZE,2016,4.52193536660192
Czechia,CZE,2017,3.682523035196
Czechia,CZE,2018,3.09590989646024
Czechia,CZE,2019,1.69280340962664
Czechia,CZE,2020,1.91231094967573
Czechia,CZE,2021,1.702001479324
Czechia,CZE,2022,1.45546035998427
Czechia,CZE,2023,1.2057002207719
Czechia,CZE,2024,1.20447601450939
Czechia,CZE,2025,1.10736661930893
Germany,DEU,1960,
Germany,DEU,1961,
Germany,DEU,1962,
Germany,DEU,1963,
Germany,DEU,1964,
Germany,DEU,1965,
Germany,DEU,1966,
Germany,DEU,1967,
Germany,DEU,1968,
Germany,DEU,1969,
Germany,DEU,1970,
Germany,DEU,1971,
Germany,DEU,1972,
Germany,DEU,1973,
Germany,DEU,1974,
Germany,DEU,1975,
Germany,DEU,1976,
Germany,DEU,1977,
Germany,DEU,1978,
Germany,DEU,1979,
Germany,DEU,1980,
Germany,DEU,1981,
Germany,DEU,1982,
Germany,DEU,1983,
Germany,DEU,1984,
Germany,DEU,1985,
Germany,DEU,1986,
Germany,DEU,1987,
Germany,DEU,1988,
Germany,DEU,1989,
Germany,DEU,1990,
Germany,DEU,1991,
Germany,DEU,1992,
Germany,DEU,1993,
Germany,DEU,1994,
Germany,DEU,1995,
Germany,DEU,1996,
Germany,DEU,1997,
Germany,DEU,1998,
Germany,DEU,1999,
Germany,DEU,2000,
Germany,DEU,2001,
Germany,DEU,2002,
Germany,DEU,2003,
Germany,DEU,2004,
Germany,DEU,2005,
Germany,DEU,2006,
Germany,DEU,2007,
Germany,DEU,2008,
Germany,DEU,2009,
Germany,DEU,2010,
Germany,DEU,2011,
Germany,DEU,2012,
Germany,DEU,2013,
Germany,DEU,2014,
Germany,DEU,2015,
Germany,DEU,2016,
Germany,DEU,2017,
Germany,DEU,2018,
Germany,DEU,2019,
Germany,DEU,2020,
Germany,DEU,2021,
Germany,DEU,2022,1.23497612551347
Germany,DEU,2023,1.53513253215757
Germany,DEU,2024,1.77161339190265
Germany,DEU,2025,1.89057945686605
Denmark,DNK,1960,
Denmark,DNK,1961,
Denmark,DNK,1962,
Denmark,DNK,1963,
Denmark,DNK,1964,
Denmark,DNK,1965,
Denmark,DNK,1966,
Denmark,DNK,1967,
Denmark,DNK,1968,
Denmark,DNK,1969,
Denmark,DNK,1970,
Denmark,DNK,1971,
Denmark,DNK,1972,
Denmark,DNK,1973,
Denmark,DNK,1974,
Denmark,DNK,1975,
Denmark,DNK,1976,
Denmark,DNK,1977,
Denmark,DNK,1978,
Denmark,DNK,1979,
Denmark,DNK,1980,
Denmark,DNK,1981,
Denmark,DNK,1982,
Denmark,DNK,1983,
Denmark,DNK,1984,
Denmark,DNK,1985,
Denmark,DNK,1986,
Denmark,DNK,1987,
Denmark,DNK,1988,
Denmark,DNK,1989,
Denmark,DNK,1990,
Denmark,DNK,1991,
Denmark,DNK,1992,
Denmark,DNK,1993,
Denmark,DNK,1994,
Denmark,DNK,1995,
Denmark,DNK,1996,
Denmark,DNK,1997,
Denmark,DNK,1998,
Denmark,DNK,1999,
Denmark,DNK,2000,
Denmark,DNK,2001,
Denmark,DNK,2002,
Denmark,DNK,2003,
Denmark,DNK,2004,
Denmark,DNK,2005,
Denmark,DNK,2006,
Denmark,DNK,2007,
Denmark,DNK,2008,
Denmark,DNK,2009,
Denmark,DNK,2010,3.14128983598116
Denmark,DNK,2011,3.17151109207083
Denmark,DNK,2012,3.52577006791977
Denmark,DNK,2013,
Denmark,DNK,2014,
Denmark,DNK,2015,3.27824443112999
Denmark,DNK,2016,2.39322215927694
Denmark,DNK,2017,2.66864091851677
Denmark,DNK,2018,2.86631154285792
Denmark,DNK,2019,2.49653873908011
Denmark,DNK,2020,2.49822300851934
Denmark,DNK,2021,2.1529598550497
Denmark,DNK,2022,1.7967834579325
Denmark,DNK,2023,1.72247998134321
Denmark,DNK,2024,1.59792479375891
Denmark,DNK,2025,1.47148035932934
Euro area,EMU,1960,
Euro area,EMU,1961,
Euro area,EMU,1962,
Euro area,EMU,1963,
Euro area,EMU,1964,
Euro area,EMU,1965,
Euro area,EMU,1966,
Euro area,EMU,1967,
Euro area,EMU,1968,
Euro area,EMU,1969,
Euro area,EMU,1970,
Euro area,EMU,1971,
Euro area,EMU,1972,
Euro area,EMU,1973,
Euro area,EMU,1974,
Euro area,EMU,1975,
Euro area,EMU,1976,
Euro area,EMU,1977,
Euro area,EMU,1978,
Euro area,EMU,1979,
Euro area,EMU,1980,
Euro area,EMU,1981,
Euro area,EMU,1982,
Euro area,EMU,1983,
Euro area,EMU,1984,
Euro area,EMU,1985,
Euro area,EMU,1986,
Euro area,EMU,1987,
Euro area,EMU,1988,
Euro area,EMU,1989,
Euro area,EMU,1990,
Euro area,EMU,1991,
Euro area,EMU,1992,
Euro area,EMU,1993,
Euro area,EMU,1994,
Euro area,EMU,1995,
Euro area,EMU,1996,
Euro area,EMU,1997,
Euro area,EMU,1998,
Euro area,EMU,1999,
Euro area,EMU,2000,
Euro area,EMU,2001,
Euro area,EMU,2002,
Euro area,EMU,2003,
Euro area,EMU,2004,
Euro area,EMU,2005,
Euro area,EMU,2006,
Euro area,EMU,2007,
Euro area,EMU,2008,
Euro area,EMU,2009,
Euro area,EMU,2010,
Euro area,EMU,2011,
Euro area,EMU,2012,
Euro area,EMU,2013,
Euro area,EMU,2014,
Euro area,EMU,2015,
Euro area,EMU,2016,
Euro area,EMU,2017,
Euro area,EMU,2018,
Euro area,EMU,2019,
Euro area,EMU,2020,
Euro area,EMU,2021,
Euro area,EMU,2022,
Euro area,EMU,2023,
Euro area,EMU,2024,
Euro area,EMU,2025,
Spain,ESP,1960,
Spain,ESP,1961,
Spain,ESP,1962,
Spain,ESP,1963,
Spain,ESP,1964,
Spain,ESP,1965,
Spain,ESP,1966,
Spain,ESP,1967,
Spain,ESP,1968,
Spain,ESP,1969,
Spain,ESP,1970,
Spain,ESP,1971,
Spain,ESP,1972,
Spain,ESP,1973,
Spain,ESP,1974,
Spain,ESP,1975,
Spain,ESP,1976,
Spain,ESP,1977,
Spain,ESP,1978,
Spain,ESP,1979,
Spain,ESP,1980,
Spain,ESP,1981,
Spain,ESP,1982,
Spain,ESP,1983,
Spain,ESP,1984,
Spain,ESP,1985,
Spain,ESP,1986,
Spain,ESP,1987,
Spain,ESP,1988,
Spain,ESP,1989,
Spain,ESP,1990,
Spain,ESP,1991,
Spain,ESP,1992,
Spain,ESP,1993,
Spain,ESP,1994,
Spain,ESP,1995,
Spain,ESP,1996,
Spain,ESP,1997,
Spain,ESP,1998,
Spain,ESP,1999,
Spain,ESP,2000,
Spain,ESP,2001,
Spain,ESP,2002,
Spain,ESP,2003,
Spain,ESP,2004,
Spain,ESP,2005,
Spain,ESP,2006,
Spain,ESP,2007,
Spain,ESP,2008,
Spain,ESP,2009,
Spain,ESP,2010,
Spain,ESP,2011,
Spain,ESP,2012,5.71026349860103
Spain,ESP,2013,7.12373619141485
Spain,ESP,2014,6.38267849950904
Spain,ESP,2015,5.09174595659943
Spain,ESP,2016,4.71813279786194
Spain,ESP,2017,4.46120203086986
Spain,ESP,2018,3.68642493378734
Spain,ESP,2019,3.15282728174409
Spain,ESP,2020,2.85122667258746
Spain,ESP,2021,2.91575876060378
Spain,ESP,2022,3.06056772833899
Spain,ESP,2023,3.06080280402449
Spain,ESP,2024,2.86962940744037
Spain,ESP,2025,2.58441457912986
Finland,FIN,1960,
Finland,FIN,1961,
Finland,FIN,1962,
Finland,FIN,1963,
Finland,FIN,1964,
Finland,FIN,1965,
Finland,FIN,1966,
Finland,FIN,1967,
Finland,FIN,1968,
Finland,FIN,1969,
Finland,FIN,1970,
Finland,FIN,1971,
Finland,FIN,1972,
Finland,FIN,1973,
Finland,FIN,1974,
Finland,FIN,1975,
Finland,FIN,1976,
Finland,FIN,1977,
Finland,FIN,1978,
Finland,FIN,1979,
Finland,FIN,1980,
Finland,FIN,1981,
Finland,FIN,1982,
Finland,FIN,1983,
Finland,FIN,1984,
Finland,FIN,1985,
Finland,FIN,1986,
Finland,FIN,1987,
Finland,FIN,1988,
Finland,FIN,1989,
Finland,FIN,1990,
Finland,FIN,1991,
Finland,FIN,1992,
Finland,FIN,1993,
Finland,FIN,1994,
Finland,FIN,1995,
Finland,FIN,1996,
Finland,FIN,1997,
Finland,FIN,1998,
Finland,FIN,1999,
Finland,FIN,2000,
Finland,FIN,2001,
Finland,FIN,2002,
Finland,FIN,2003,
Finland,FIN,2004,
Finland,FIN,2005,
Finland,FIN,2006,
Finland,FIN,2007,0.226516077373677
Finland,FIN,2008,0.409453887918506
Finland,FIN,2009,0.569993828992429
Finland,FIN,2010,0.505748742041625
Finland,FIN,2011,0.456371196024311
Finland,FIN,2012,0.445132847109478
Finland,FIN,2013,0.440752731540527
Finland,FIN,2014,0.847591074961831
Finland,FIN,2015,0.932460830661029
Finland,FIN,2016,1.04758761475179
Finland,FIN,2017,0.726262368042779
Finland,FIN,2018,0.950566178824406
Finland,FIN,2019,1.5073192904517
Finland,FIN,2020,1.45017555342116
Finland,FIN,2021,1.47082760274416
Finland,FIN,2022,1.35188387148659
Finland,FIN,2023,1.28844729523889
Finland,FIN,2024,1.42702266101791
Finland,FIN,2025,1.4137101725177
France,FRA,1960,
France,FRA,1961,
France,FRA,1962,
France,FRA,1963,
France,FRA,1964,
France,FRA,1965,
France,FRA,1966,
France,FRA,1967,
France,FRA,1968,
France,FRA,1969,
France,FRA,1970,
France,FRA,1971,
France,FRA,1972,
France,FRA,1973,
France,FRA,1974,
France,FRA,1975,
France,FRA,1976,
France,FRA,1977,
France,FRA,1978,
France,FRA,1979,
France,FRA,1980,
France,FRA,1981,
France,FRA,1982,
France,FRA,1983,
France,FRA,1984,
France,FRA,1985,
France,FRA,1986,
France,FRA,1987,
France,FRA,1988,
France,FRA,1989,
France,FRA,1990,
France,FRA,1991,
France,FRA,1992,
France,FRA,1993,
France,FRA,1994,
France,FRA,1995,
France,FRA,1996,
France,FRA,1997,
France,FRA,1998,
France,FRA,1999,
France,FRA,2000,
France,FRA,2001,
France,FRA,2002,
France,FRA,2003,
France,FRA,2004,
France,FRA,2005,
France,FRA,2006,
France,FRA,2007,
France,FRA,2008,3.24235571721792
France,FRA,2009,4.58399416878333
France,FRA,2010,4.3272048253125
France,FRA,2011,4.89276263549823
France,FRA,2012,4.29452327369678
France,FRA,2013,4.49543407979547
France,FRA,2014,3.72567893768622
France,FRA,2015,3.52308121172511
France,FRA,2016,3.49852745916487
France,FRA,2017,2.85084082112562
France,FRA,2018,2.74917800998469
France,FRA,2019,2.51442386618475
France,FRA,2020,2.38440087259745
France,FRA,2021,2.16920501014489
France,FRA,2022,2.07810544079029
France,FRA,2023,2.06122418440948
France,FRA,2024,2.08727388951242
France,FRA,2025,
United Kingdom,GBR,1960,
United Kingdom,GBR,1961,
United Kingdom,GBR,1962,
United Kingdom,GBR,1963,
United Kingdom,GBR,1964,
United Kingdom,GBR,1965,
United Kingdom,GBR,1966,
United Kingdom,GBR,1967,
United Kingdom,GBR,1968,
United Kingdom,GBR,1969,
United Kingdom,GBR,1970,
United Kingdom,GBR,1971,
United Kingdom,GBR,1972,
United Kingdom,GBR,1973,
United Kingdom,GBR,1974,
United Kingdom,GBR,1975,
United Kingdom,GBR,1976,
United Kingdom,GBR,1977,
United Kingdom,GBR,1978,
United Kingdom,GBR,1979,
United Kingdom,GBR,1980,
United Kingdom,GBR,1981,
United Kingdom,GBR,1982,
United Kingdom,GBR,1983,
United Kingdom,GBR,1984,
United Kingdom,GBR,1985,
United Kingdom,GBR,1986,
United Kingdom,GBR,1987,
United Kingdom,GBR,1988,
United Kingdom,GBR,1989,
United Kingdom,GBR,1990,
United Kingdom,GBR,1991,
United Kingdom,GBR,1992,
United Kingdom,GBR,1993,
United Kingdom,GBR,1994,
United Kingdom,GBR,1995,
United Kingdom,GBR,1996,
United Kingdom,GBR,1997,
United Kingdom,GBR,1998,
United Kingdom,GBR,1999,
United Kingdom,GBR,2000,
United Kingdom,GBR,2001,
United Kingdom,GBR,2002,
United Kingdom,GBR,2003,
United Kingdom,GBR,2004,
United Kingdom,GBR,2005,0.993470630559823
United Kingdom,GBR,2006,
United Kingdom,GBR,2007,
United Kingdom,GBR,2008,1.55697368984838
United Kingdom,GBR,2009,3.50865701820859
United Kingdom,GBR,2010,3.95483378788783
United Kingdom,GBR,2011,3.9618682056152
United Kingdom,GBR,2012,3.58628400773794
United Kingdom,GBR,2013,3.11174173873798
United Kingdom,GBR,2014,1.65439301070172
United Kingdom,GBR,2015,1.01449977058357
United Kingdom,GBR,2016,1.68729249856196
United Kingdom,GBR,2017,1.35973989613412
United Kingdom,GBR,2018,1.09642089877807
United Kingdom,GBR,2019,1.01809935045005
United Kingdom,GBR,2020,0.983324631099749
United Kingdom,GBR,2021,0.969313241835594
United Kingdom,GBR,2022,0.93919727879646
United Kingdom,GBR,2023,0.970314059008282
United Kingdom,GBR,2024,1.01582508527651
United Kingdom,GBR,2025,0.947525011481276
Greece,GRC,1960,
Greece,GRC,1961,
Greece,GRC,1962,
Greece,GRC,1963,
Greece,GRC,1964,
Greece,GRC,1965,
Greece,GRC,1966,
Greece,GRC,1967,
Greece,GRC,1968,
Greece,GRC,1969,
Greece,GRC,1970,
Greece,GRC,1971,
Greece,GRC,1972,
Greece,GRC,1973,
Greece,GRC,1974,
Greece,GRC,1975,
Greece,GRC,1976,
Greece,GRC,1977,
Greece,GRC,1978,
Greece,GRC,1979,
Greece,GRC,1980,
Greece,GRC,1981,
Greece,GRC,1982,
Greece,GRC,1983,
Greece,GRC,1984,
Greece,GRC,1985,
Greece,GRC,1986,
Greece,GRC,1987,
Greece,GRC,1988,
Greece,GRC,1989,
Greece,GRC,1990,
Greece,GRC,1991,
Greece,GRC,1992,
Greece,GRC,1993,
Greece,GRC,1994,
Greece,GRC,1995,
Greece,GRC,1996,
Greece,GRC,1997,
Greece,GRC,1998,
Greece,GRC,1999,
Greece,GRC,2000,
Greece,GRC,2001,
Greece,GRC,2002,
Greece,GRC,2003,
Greece,GRC,2004,
Greece,GRC,2005,
Greece,GRC,2006,
Greece,GRC,2007,
Greece,GRC,2008,2.47019680774368
Greece,GRC,2009,3.77370944783239
Greece,GRC,2010,5.62295516381546
Greece,GRC,2011,9.19946087632774
Greece,GRC,2012,15.7182240298713
Greece,GRC,2013,27.8147390613921
Greece,GRC,2014,29.9945374662288
Greece,GRC,2015,35.7068688820244
Greece,GRC,2016,37.3561319650911
Greece,GRC,2017,45.966797966588
Greece,GRC,2018,43.3731858901073
Greece,GRC,2019,38.0724169271523
Greece,GRC,2020,30.8146791725641
Greece,GRC,2021,11.881332954805
Greece,GRC,2022,8.17432019475188
Greece,GRC,2023,5.95812847046635
Greece,GRC,2024,3.46297888111995
Greece,GRC,2025,2.95095543348819
"Hong Kong SAR, China",HKG,1960,
"Hong Kong SAR, China",HKG,1961,
"Hong Kong SAR, China",HKG,1962,
"Hong Kong SAR, China",HKG,1963,
"Hong Kong SAR, China",HKG,1964,
"Hong Kong SAR, China",HKG,1965,
"Hong Kong SAR, China",HKG,1966,
"Hong Kong SAR, China",HKG,1967,
"Hong Kong SAR, China",HKG,1968,
"Hong Kong SAR, China",HKG,1969,
"Hong Kong SAR, China",HKG,1970,
"Hong Kong SAR, China",HKG,1971,
"Hong Kong SAR, China",HKG,1972,
"Hong Kong SAR, China",HKG,1973,
"Hong Kong SAR, China",HKG,1974,
"Hong Kong SAR, China",HKG,1975,
"Hong Kong SAR, China",HKG,1976,
"Hong Kong SAR, China",HKG,1977,
"Hong Kong SAR, China",HKG,1978,
"Hong Kong SAR, China",HKG,1979,
"Hong Kong SAR, China",HKG,1980,
"Hong Kong SAR, China",HKG,1981,
"Hong Kong SAR, China",HKG,1982,
"Hong Kong SAR, China",HKG,1983,
"Hong Kong SAR, China",HKG,1984,
"Hong Kong SAR, China",HKG,1985,
"Hong Kong SAR, China",HKG,1986,
"Hong Kong SAR, China",HKG,1987,
"Hong Kong SAR, China",HKG,1988,
"Hong Kong SAR, China",HKG,1989,
"Hong Kong SAR, China",HKG,1990,
"Hong Kong SAR, China",HKG,1991,
"Hong Kong SAR, China",HKG,1992,
"Hong Kong SAR, China",HKG,1993,
"Hong Kong SAR, China",HKG,1994,
"Hong Kong SAR, China",HKG,1995,
"Hong Kong SAR, China",HKG,1996,
"Hong Kong SAR, China",HKG,1997,
"Hong Kong SAR, China",HKG,1998,
"Hong Kong SAR, China",HKG,1999,
"Hong Kong SAR, China",HKG,2000,
"Hong Kong SAR, China",HKG,2001,
"Hong Kong SAR, China",HKG,2002,
"Hong Kong SAR, China",HKG,2003,
"Hong Kong SAR, China",HKG,2004,
"Hong Kong SAR, China",HKG,2005,
"Hong Kong SAR, China",HKG,2006,
"Hong Kong SAR, China",HKG,2007,
"Hong Kong SAR, China",HKG,2008,1.23
"Hong Kong SAR, China",HKG,2009,1.58
"Hong Kong SAR, China",HKG,2010,0.83
"Hong Kong SAR, China",HKG,2011,0.69
"Hong Kong SAR, China",HKG,2012,0.6
"Hong Kong SAR, China",HKG,2013,0.54
"Hong Kong SAR, China",HKG,2014,0.51
"Hong Kong SAR, China",HKG,2015,0.73
"Hong Kong SAR, China",HKG,2016,0.854318088546397
"Hong Kong SAR, China",HKG,2017,0.668925745235763
"Hong Kong SAR, China",HKG,2018,0.546970804225276
"Hong Kong SAR, China",HKG,2019,0.568032237016265
"Hong Kong SAR, China",HKG,2020,0.902373530647949
"Hong Kong SAR, China",HKG,2021,0.878169345365409
"Hong Kong SAR, China",HKG,2022,1.01785430019981
"Hong Kong SAR, China",HKG,2023,1.20273871538593
"Hong Kong SAR, China",HKG,2024,1.55962294621642
"Hong Kong SAR, China",HKG,2025,1.55578365269246
Croatia,HRV,1960,
Croatia,HRV,1961,
Croatia,HRV,1962,
Croatia,HRV,1963,
Croatia,HRV,1964,
Croatia,HRV,1965,
Croatia,HRV,1966,
Croatia,HRV,1967,
Croatia,HRV,1968,
Croatia,HRV,1969,
Croatia,HRV,1970,
Croatia,HRV,1971,
Croatia,HRV,1972,
Croatia,HRV,1973,
Croatia,HRV,1974,
Croatia,HRV,1975,
Croatia,HRV,1976,
Croatia,HRV,1977,
Croatia,HRV,1978,
Croatia,HRV,1979,
Croatia,HRV,1980,
Croatia,HRV,1981,
Croatia,HRV,1982,
Croatia,HRV,1983,
Croatia,HRV,1984,
Croatia,HRV,1985,
Croatia,HRV,1986,
Croatia,HRV,1987,
Croatia,HRV,1988,
Croatia,HRV,1989,
Croatia,HRV,1990,
Croatia,HRV,1991,
Croatia,HRV,1992,
Croatia,HRV,1993,
Croatia,HRV,1994,
Croatia,HRV,1995,
Croatia,HRV,1996,
Croatia,HRV,1997,
Croatia,HRV,1998,
Croatia,HRV,1999,
Croatia,HRV,2000,
Croatia,HRV,2001,
Croatia,HRV,2002,
Croatia,HRV,2003,
Croatia,HRV,2004,
Croatia,HRV,2005,
Croatia,HRV,2006,5.34245735688259
Croatia,HRV,2007,4.87864305198447
Croatia,HRV,2008,4.99056742440642
Croatia,HRV,2009,7.91941760061947
Croatia,HRV,2010,11.5855332193819
Croatia,HRV,2011,12.928961296036
Croatia,HRV,2012,14.5622704712966
Croatia,HRV,2013,16.7568120904943
Croatia,HRV,2014,18.4279034590926
Croatia,HRV,2015,18.1676735966228
Croatia,HRV,2016,15.0408591292296
Croatia,HRV,2017,12.1373945444084
Croatia,HRV,2018,10.413246017091
Croatia,HRV,2019,7.4112443440912
Croatia,HRV,2020,7.6286494941457
Croatia,HRV,2021,5.69923091645787
Croatia,HRV,2022,4.33106920944263
Croatia,HRV,2023,3.59717600090012
Croatia,HRV,2024,3.08344546122958
Croatia,HRV,2025,2.79754793404962
Hungary,HUN,1960,
Hungary,HUN,1961,
Hungary,HUN,1962,
Hungary,HUN,1963,
Hungary,HUN,1964,
Hungary,HUN,1965,
Hungary,HUN,1966,
Hungary,HUN,1967,
Hungary,HUN,1968,
Hungary,HUN,1969,
Hungary,HUN,1970,
Hungary,HUN,1971,
Hungary,HUN,1972,
Hungary,HUN,1973,
Hungary,HUN,1974,
Hungary,HUN,1975,
Hungary,HUN,1976,
Hungary,HUN,1977,
Hungary,HUN,1978,
Hungary,HUN,1979,
Hungary,HUN,1980,
Hungary,HUN,1981,
Hungary,HUN,1982,
Hungary,HUN,1983,
Hungary,HUN,1984,
Hungary,HUN,1985,
Hungary,HUN,1986,
Hungary,HUN,1987,
Hungary,HUN,1988,
Hungary,HUN,1989,
Hungary,HUN,1990,
Hungary,HUN,1991,
Hungary,HUN,1992,
Hungary,HUN,1993,
Hungary,HUN,1994,
Hungary,HUN,1995,
Hungary,HUN,1996,
Hungary,HUN,1997,
Hungary,HUN,1998,
Hungary,HUN,1999,
Hungary,HUN,2000,
Hungary,HUN,2001,
Hungary,HUN,2002,
Hungary,HUN,2003,
Hungary,HUN,2004,
Hungary,HUN,2005,
Hungary,HUN,2006,
Hungary,HUN,2007,
Hungary,HUN,2008,3.22977053583447
Hungary,HUN,2009,8.13169846349339
Hungary,HUN,2010,10.0371610997271
Hungary,HUN,2011,13.6774946903894
Hungary,HUN,2012,16.0428286233189
Hungary,HUN,2013,16.8257283651433
Hungary,HUN,2014,15.6215268130427
Hungary,HUN,2015,11.6631260334093
Hungary,HUN,2016,7.42356209737637
Hungary,HUN,2017,4.16778804339288
Hungary,HUN,2018,2.46529955892283
Hungary,HUN,2019,1.50911884316991
Hungary,HUN,2020,3.95320327433446
Hungary,HUN,2021,3.56827817202546
Hungary,HUN,2022,3.78954496110877
Hungary,HUN,2023,3.18825349284604
Hungary,HUN,2024,2.70846259412535
Hungary,HUN,2025,2.63390234723295
Indonesia,IDN,1960,
Indonesia,IDN,1961,
Indonesia,IDN,1962,
Indonesia,IDN,1963,
Indonesia,IDN,1964,
Indonesia,IDN,1965,
Indonesia,IDN,1966,
Indonesia,IDN,1967,
Indonesia,IDN,1968,
Indonesia,IDN,1969,
Indonesia,IDN,1970,
Indonesia,IDN,1971,
Indonesia,IDN,1972,
Indonesia,IDN,1973,
Indonesia,IDN,1974,
Indonesia,IDN,1975,
Indonesia,IDN,1976,
Indonesia,IDN,1977,
Indonesia,IDN,1978,
Indonesia,IDN,1979,
Indonesia,IDN,1980,
Indonesia,IDN,1981,
Indonesia,IDN,1982,
Indonesia,IDN,1983,
Indonesia,IDN,1984,
Indonesia,IDN,1985,
Indonesia,IDN,1986,
Indonesia,IDN,1987,
Indonesia,IDN,1988,
Indonesia,IDN,1989,
Indonesia,IDN,1990,
Indonesia,IDN,1991,
Indonesia,IDN,1992,
Indonesia,IDN,1993,
Indonesia,IDN,1994,
Indonesia,IDN,1995,
Indonesia,IDN,1996,
Indonesia,IDN,1997,
Indonesia,IDN,1998,
Indonesia,IDN,1999,
Indonesia,IDN,2000,
Indonesia,IDN,2001,
Indonesia,IDN,2002,
Indonesia,IDN,2003,
Indonesia,IDN,2004,
Indonesia,IDN,2005,6.25246820199785
Indonesia,IDN,2006,5.15545411942602
Indonesia,IDN,2007,3.6908592128651
Indonesia,IDN,2008,2.87020628006279
Indonesia,IDN,2009,2.89219586768056
Indonesia,IDN,2010,2.31233314887669
Indonesia,IDN,2011,2.00668094304847
Indonesia,IDN,2012,1.67598753441661
Indonesia,IDN,2013,1.60618085839081
Indonesia,IDN,2014,1.97494771279186
Indonesia,IDN,2015,2.31686319973562
Indonesia,IDN,2016,2.7748985519129
Indonesia,IDN,2017,2.44404843529866
Indonesia,IDN,2018,2.20579865068328
Indonesia,IDN,2019,2.33935750447439
Indonesia,IDN,2020,2.64268448647726
Indonesia,IDN,2021,2.64057088343297
Indonesia,IDN,2022,2.14649051618116
Indonesia,IDN,2023,1.95628264361571
Indonesia,IDN,2024,1.9378653282816
Indonesia,IDN,2025,1.91576331529028
India,IND,1960,
India,IND,1961,
India,IND,1962,
India,IND,1963,
India,IND,1964,
India,IND,1965,
India,IND,1966,
India,IND,1967,
India,IND,1968,
India,IND,1969,
India,IND,1970,
India,IND,1971,
India,IND,1972,
India,IND,1973,
India,IND,1974,
India,IND,1975,
India,IND,1976,
India,IND,1977,
India,IND,1978,
India,IND,1979,
India,IND,1980,
India,IND,1981,
India,IND,1982,
India,IND,1983,
India,IND,1984,
India,IND,1985,
India,IND,1986,
India,IND,1987,
India,IND,1988,
India,IND,1989,
India,IND,1990,
India,IND,1991,
India,IND,1992,
India,IND,1993,
India,IND,1994,
India,IND,1995,
India,IND,1996,
India,IND,1997,
India,IND,1998,
India,IND,1999,
India,IND,2000,
India,IND,2001,
India,IND,2002,
India,IND,2003,
India,IND,2004,
India,IND,2005,4.4017855944882
India,IND,2006,
India,IND,2007,
India,IND,2008,2.44971206075607
India,IND,2009,
India,IND,2010,
India,IND,2011,2.67019501469286
India,IND,2012,3.37395391664123
India,IND,2013,4.0277286350163
India,IND,2014,4.34584976316208
India,IND,2015,5.88352227400691
India,IND,2016,9.18565591814956
India,IND,2017,9.97528206363178
India,IND,2018,9.46095691207991
India,IND,2019,9.23442899080833
India,IND,2020,7.93883072465331
India,IND,2021,6.54245582956179
India,IND,2022,4.81188454630947
India,IND,2023,3.35890319602042
India,IND,2024,2.50044366571028
India,IND,2025,2.06283569455848
Ireland,IRL,1960,
Ireland,IRL,1961,
Ireland,IRL,1962,
Ireland,IRL,1963,
Ireland,IRL,1964,
Ireland,IRL,1965,
Ireland,IRL,1966,
Ireland,IRL,1967,
Ireland,IRL,1968,
Ireland,IRL,1969,
Ireland,IRL,1970,
Ireland,IRL,1971,
Ireland,IRL,1972,
Ireland,IRL,1973,
Ireland,IRL,1974,
Ireland,IRL,1975,
Ireland,IRL,1976,
Ireland,IRL,1977,
Ireland,IRL,1978,
Ireland,IRL,1979,
Ireland,IRL,1980,
Ireland,IRL,1981,
Ireland,IRL,1982,
Ireland,IRL,1983,
Ireland,IRL,1984,
Ireland,IRL,1985,
Ireland,IRL,1986,
Ireland,IRL,1987,
Ireland,IRL,1988,
Ireland,IRL,1989,
Ireland,IRL,1990,
Ireland,IRL,1991,
Ireland,IRL,1992,
Ireland,IRL,1993,
Ireland,IRL,1994,
Ireland,IRL,1995,
Ireland,IRL,1996,
Ireland,IRL,1997,
Ireland,IRL,1998,
Ireland,IRL,1999,
Ireland,IRL,2000,
Ireland,IRL,2001,
Ireland,IRL,2002,
Ireland,IRL,2003,
Ireland,IRL,2004,
Ireland,IRL,2005,0.48036674411629
Ireland,IRL,2006,0.534720753421794
Ireland,IRL,2007,0.629176742433281
Ireland,IRL,2008,1.92252115115214
Ireland,IRL,2009,9.79636660801069
Ireland,IRL,2010,12.4666710113594
Ireland,IRL,2011,16.1214680824703
Ireland,IRL,2012,21.311623175529
Ireland,IRL,2013,22.3727039607198
Ireland,IRL,2014,20.6488038220399
Ireland,IRL,2015,16.9137587763138
Ireland,IRL,2016,12.6269750146121
Ireland,IRL,2017,11.4589228987576
Ireland,IRL,2018,5.4568545690485
Ireland,IRL,2019,3.36383712525729
Ireland,IRL,2020,3.36142776920367
Ireland,IRL,2021,2.48214874701819
Ireland,IRL,2022,1.60747302300572
Ireland,IRL,2023,1.27071424651771
Ireland,IRL,2024,1.22765500955195
Ireland,IRL,2025,
Iceland,ISL,1960,
Iceland,ISL,1961,
Iceland,ISL,1962,
Iceland,ISL,1963,
Iceland,ISL,1964,
Iceland,ISL,1965,
Iceland,ISL,1966,
Iceland,ISL,1967,
Iceland,ISL,1968,
Iceland,ISL,1969,
Iceland,ISL,1970,
Iceland,ISL,1971,
Iceland,ISL,1972,
Iceland,ISL,1973,
Iceland,ISL,1974,
Iceland,ISL,1975,
Iceland,ISL,1976,
Iceland,ISL,1977,
Iceland,ISL,1978,
Iceland,ISL,1979,
Iceland,ISL,1980,
Iceland,ISL,1981,
Iceland,ISL,1982,
Iceland,ISL,1983,
Iceland,ISL,1984,
Iceland,ISL,1985,
Iceland,ISL,1986,
Iceland,ISL,1987,
Iceland,ISL,1988,
Iceland,ISL,1989,
Iceland,ISL,1990,
Iceland,ISL,1991,
Iceland,ISL,1992,
Iceland,ISL,1993,
Iceland,ISL,1994,
Iceland,ISL,1995,
Iceland,ISL,1996,
Iceland,ISL,1997,
Iceland,ISL,1998,
Iceland,ISL,1999,
Iceland,ISL,2000,
Iceland,ISL,2001,
Iceland,ISL,2002,
Iceland,ISL,2003,
Iceland,ISL,2004,
Iceland,ISL,2005,
Iceland,ISL,2006,
Iceland,ISL,2007,
Iceland,ISL,2008,
Iceland,ISL,2009,
Iceland,ISL,2010,
Iceland,ISL,2011,
Iceland,ISL,2012,
Iceland,ISL,2013,
Iceland,ISL,2014,
Iceland,ISL,2015,5.85225689416537
Iceland,ISL,2016,4.12279811915939
Iceland,ISL,2017,2.8640995107245
Iceland,ISL,2018,2.51329639871644
Iceland,ISL,2019,2.92802451232259
Iceland,ISL,2020,2.90217036371758
Iceland,ISL,2021,2.06156567231269
Iceland,ISL,2022,1.39911577474254
Iceland,ISL,2023,1.57785500427557
Iceland,ISL,2024,2.02831641047984
Iceland,ISL,2025,1.56131397294323
Israel,ISR,1960,
Israel,ISR,1961,
Israel,ISR,1962,
Israel,ISR,1963,
Israel,ISR,1964,
Israel,ISR,1965,
Israel,ISR,1966,
Israel,ISR,1967,
Israel,ISR,1968,
Israel,ISR,1969,
Israel,ISR,1970,
Israel,ISR,1971,
Israel,ISR,1972,
Israel,ISR,1973,
Israel,ISR,1974,
Israel,ISR,1975,
Israel,ISR,1976,
Israel,ISR,1977,
Israel,ISR,1978,
Israel,ISR,1979,
Israel,ISR,1980,
Israel,ISR,1981,
Israel,ISR,1982,
Israel,ISR,1983,
Israel,ISR,1984,
Israel,ISR,1985,
Israel,ISR,1986,
Israel,ISR,1987,
Israel,ISR,1988,
Israel,ISR,1989,
Israel,ISR,1990,
Israel,ISR,1991,
Israel,ISR,1992,
Israel,ISR,1993,
Israel,ISR,1994,
Israel,ISR,1995,
Israel,ISR,1996,
Israel,ISR,1997,
Israel,ISR,1998,
Israel,ISR,1999,
Israel,ISR,2000,
Israel,ISR,2001,
Israel,ISR,2002,
Israel,ISR,2003,
Israel,ISR,2004,
Israel,ISR,2005,
Israel,ISR,2006,
Israel,ISR,2007,
Israel,ISR,2008,
Israel,ISR,2009,
Israel,ISR,2010,
Israel,ISR,2011,
Israel,ISR,2012,3.45440510625779
Israel,ISR,2013,2.90140768348366
Israel,ISR,2014,2.16639379251708
Israel,ISR,2015,1.8448062230203
Israel,ISR,2016,1.6065430145001
Israel,ISR,2017,1.29067074436065
Israel,ISR,2018,1.21092611547296
Israel,ISR,2019,1.38801645888401
Israel,ISR,2020,1.3749571925134
Israel,ISR,2021,1.05034256985074
Israel,ISR,2022,0.711449035516496
Israel,ISR,2023,0.971523456197714
Israel,ISR,2024,0.721349952547698
Israel,ISR,2025,
Italy,ITA,1960,
Italy,ITA,1961,
Italy,ITA,1962,
Italy,ITA,1963,
Italy,ITA,1964,
Italy,ITA,1965,
Italy,ITA,1966,
Italy,ITA,1967,
Italy,ITA,1968,
Italy,ITA,1969,
Italy,ITA,1970,
Italy,ITA,1971,
Italy,ITA,1972,
Italy,ITA,1973,
Italy,ITA,1974,
Italy,ITA,1975,
Italy,ITA,1976,
Italy,ITA,1977,
Italy,ITA,1978,
Italy,ITA,1979,
Italy,ITA,1980,
Italy,ITA,1981,
Italy,ITA,1982,
Italy,ITA,1983,
Italy,ITA,1984,
Italy,ITA,1985,
Italy,ITA,1986,
Italy,ITA,1987,
Italy,ITA,1988,
Italy,ITA,1989,
Italy,ITA,1990,
Italy,ITA,1991,
Italy,ITA,1992,
Italy,ITA,1993,
Italy,ITA,1994,
Italy,ITA,1995,
Italy,ITA,1996,
Italy,ITA,1997,
Italy,ITA,1998,
Italy,ITA,1999,
Italy,ITA,2000,
Italy,ITA,2001,
Italy,ITA,2002,
Italy,ITA,2003,
Italy,ITA,2004,
Italy,ITA,2005,6.99617313682385
Italy,ITA,2006,6.56811457626493
Italy,ITA,2007,5.7776082194137
Italy,ITA,2008,6.28258103994626
Italy,ITA,2009,9.44634373927879
Italy,ITA,2010,10.0278370674613
Italy,ITA,2011,11.7423491843706
Italy,ITA,2012,13.7463696406392
Italy,ITA,2013,16.5427056350995
Italy,ITA,2014,18.0330469839718
Italy,ITA,2015,18.064368830052
Italy,ITA,2016,17.1162385246124
Italy,ITA,2017,14.3832990405839
Italy,ITA,2018,8.38628316437891
Italy,ITA,2019,6.74918443535525
Italy,ITA,2020,4.35972073669911
Italy,ITA,2021,3.34809683915317
Italy,ITA,2022,2.79682283767597
Italy,ITA,2023,2.7140816371624
Italy,ITA,2024,2.7684931969344
Italy,ITA,2025,2.46119407878722
Japan,JPN,1960,
Japan,JPN,1961,
Japan,JPN,1962,
Japan,JPN,1963,
Japan,JPN,1964,
Japan,JPN,1965,
Japan,JPN,1966,
Japan,JPN,1967,
Japan,JPN,1968,
Japan,JPN,1969,
Japan,JPN,1970,
Japan,JPN,1971,
Japan,JPN,1972,
Japan,JPN,1973,
Japan,JPN,1974,
Japan,JPN,1975,
Japan,JPN,1976,
Japan,JPN,1977,
Japan,JPN,1978,
Japan,JPN,1979,
Japan,JPN,1980,
Japan,JPN,1981,
Japan,JPN,1982,
Japan,JPN,1983,
Japan,JPN,1984,
Japan,JPN,1985,
Japan,JPN,1986,
Japan,JPN,1987,
Japan,JPN,1988,
Japan,JPN,1989,
Japan,JPN,1990,
Japan,JPN,1991,
Japan,JPN,1992,
Japan,JPN,1993,
Japan,JPN,1994,
Japan,JPN,1995,
Japan,JPN,1996,
Japan,JPN,1997,
Japan,JPN,1998,
Japan,JPN,1999,
Japan,JPN,2000,
Japan,JPN,2001,
Japan,JPN,2002,
Japan,JPN,2003,
Japan,JPN,2004,
Japan,JPN,2005,
Japan,JPN,2006,
Japan,JPN,2007,
Japan,JPN,2008,
Japan,JPN,2009,
Japan,JPN,2010,2.45650253168859
Japan,JPN,2011,2.44741326110445
Japan,JPN,2012,2.42889160930217
Japan,JPN,2013,2.12909018123307
Japan,JPN,2014,1.74645633118206
Japan,JPN,2015,1.5335999587436
Japan,JPN,2016,1.39676981537012
Japan,JPN,2017,1.19184799909608
Japan,JPN,2018,1.07338670657475
Japan,JPN,2019,1.11143560418892
Japan,JPN,2020,1.13897924015799
Japan,JPN,2021,1.22751856952344
Japan,JPN,2022,1.23401036286557
Japan,JPN,2023,
Japan,JPN,2024,
Japan,JPN,2025,
"Korea, Rep.",KOR,1960,
"Korea, Rep.",KOR,1961,
"Korea, Rep.",KOR,1962,
"Korea, Rep.",KOR,1963,
"Korea, Rep.",KOR,1964,
"Korea, Rep.",KOR,1965,
"Korea, Rep.",KOR,1966,
"Korea, Rep.",KOR,1967,
"Korea, Rep.",KOR,1968,
"Korea, Rep.",KOR,1969,
"Korea, Rep.",KOR,1970,
"Korea, Rep.",KOR,1971,
"Korea, Rep.",KOR,1972,
"Korea, Rep.",KOR,1973,
"Korea, Rep.",KOR,1974,
"Korea, Rep.",KOR,1975,
"Korea, Rep.",KOR,1976,
"Korea, Rep.",KOR,1977,
"Korea, Rep.",KOR,1978,
"Korea, Rep.",KOR,1979,
"Korea, Rep.",KOR,1980,
"Korea, Rep.",KOR,1981,
"Korea, Rep.",KOR,1982,
"Korea, Rep.",KOR,1983,
"Korea, Rep.",KOR,1984,
"Korea, Rep.",KOR,1985,
"Korea, Rep.",KOR,1986,
"Korea, Rep.",KOR,1987,
"Korea, Rep.",KOR,1988,
"Korea, Rep.",KOR,1989,
"Korea, Rep.",KOR,1990,
"Korea, Rep.",KOR,1991,
"Korea, Rep.",KOR,1992,
"Korea, Rep.",KOR,1993,
"Korea, Rep.",KOR,1994,
"Korea, Rep.",KOR,1995,
"Korea, Rep.",KOR,1996,
"Korea, Rep.",KOR,1997,
"Korea, Rep.",KOR,1998,
"Korea, Rep.",KOR,1999,
"Korea, Rep.",KOR,2000,
"Korea, Rep.",KOR,2001,
"Korea, Rep.",KOR,2002,
"Korea, Rep.",KOR,2003,
"Korea, Rep.",KOR,2004,
"Korea, Rep.",KOR,2005,
"Korea, Rep.",KOR,2006,
"Korea, Rep.",KOR,2007,
"Korea, Rep.",KOR,2008,
"Korea, Rep.",KOR,2009,0.584500588542435
"Korea, Rep.",KOR,2010,0.588001422921592
"Korea, Rep.",KOR,2011,0.484155586674748
"Korea, Rep.",KOR,2012,0.5942917985967
"Korea, Rep.",KOR,2013,0.570682157690436
"Korea, Rep.",KOR,2014,0.487829016283245
"Korea, Rep.",KOR,2015,0.45685901023489
"Korea, Rep.",KOR,2016,0.4692207914451
"Korea, Rep.",KOR,2017,0.352361433161397
"Korea, Rep.",KOR,2018,0.254435738088804
"Korea, Rep.",KOR,2019,0.251149391152259
"Korea, Rep.",KOR,2020,0.249044148161992
"Korea, Rep.",KOR,2021,0.233334670386676
"Korea, Rep.",KOR,2022,0.24216660171932
"Korea, Rep.",KOR,2023,0.263676055649087
"Korea, Rep.",KOR,2024,
"Korea, Rep.",KOR,2025,
Kuwait,KWT,1960,
Kuwait,KWT,1961,
Kuwait,KWT,1962,
Kuwait,KWT,1963,
Kuwait,KWT,1964,
Kuwait,KWT,1965,
Kuwait,KWT,1966,
Kuwait,KWT,1967,
Kuwait,KWT,1968,
Kuwait,KWT,1969,
Kuwait,KWT,1970,
Kuwait,KWT,1971,
Kuwait,KWT,1972,
Kuwait,KWT,1973,
Kuwait,KWT,1974,
Kuwait,KWT,1975,
Kuwait,KWT,1976,
Kuwait,KWT,1977,
Kuwait,KWT,1978,
Kuwait,KWT,1979,
Kuwait,KWT,1980,
Kuwait,KWT,1981,
Kuwait,KWT,1982,
Kuwait,KWT,1983,
Kuwait,KWT,1984,
Kuwait,KWT,1985,
Kuwait,KWT,1986,
Kuwait,KWT,1987,
Kuwait,KWT,1988,
Kuwait,KWT,1989,
Kuwait,KWT,1990,
Kuwait,KWT,1991,
Kuwait,KWT,1992,
Kuwait,KWT,1993,
Kuwait,KWT,1994,
Kuwait,KWT,1995,
Kuwait,KWT,1996,
Kuwait,KWT,1997,
Kuwait,KWT,1998,
Kuwait,KWT,1999,
Kuwait,KWT,2000,
Kuwait,KWT,2001,
Kuwait,KWT,2002,
Kuwait,KWT,2003,
Kuwait,KWT,2004,
Kuwait,KWT,2005,
Kuwait,KWT,2006,
Kuwait,KWT,2007,3.84787598771217
Kuwait,KWT,2008,6.80464776292383
Kuwait,KWT,2009,11.461453798379
Kuwait,KWT,2010,8.95258546965769
Kuwait,KWT,2011,6.98424741091625
Kuwait,KWT,2012,5.19116857201251
Kuwait,KWT,2013,3.64034786311307
Kuwait,KWT,2014,2.89041261906889
Kuwait,KWT,2015,2.371720288643
Kuwait,KWT,2016,2.22496479931359
Kuwait,KWT,2017,1.94939026221768
Kuwait,KWT,2018,1.62349995163983
Kuwait,KWT,2019,1.77656821835007
Kuwait,KWT,2020,2.0074652483311
Kuwait,KWT,2021,1.35921924143798
Kuwait,KWT,2022,1.41104352584751
Kuwait,KWT,2023,1.42363947712583
Kuwait,KWT,2024,1.53571132275835
Kuwait,KWT,2025,1.39809991865149
Luxembourg,LUX,1960,
Luxembourg,LUX,1961,
Luxembourg,LUX,1962,
Luxembourg,LUX,1963,
Luxembourg,LUX,1964,
Luxembourg,LUX,1965,
Luxembourg,LUX,1966,
Luxembourg,LUX,1967,
Luxembourg,LUX,1968,
Luxembourg,LUX,1969,
Luxembourg,LUX,1970,
Luxembourg,LUX,1971,
Luxembourg,LUX,1972,
Luxembourg,LUX,1973,
Luxembourg,LUX,1974,
Luxembourg,LUX,1975,
Luxembourg,LUX,1976,
Luxembourg,LUX,1977,
Luxembourg,LUX,1978,
Luxembourg,LUX,1979,
Luxembourg,LUX,1980,
Luxembourg,LUX,1981,
Luxembourg,LUX,1982,
Luxembourg,LUX,1983,
Luxembourg,LUX,1984,
Luxembourg,LUX,1985,
Luxembourg,LUX,1986,
Luxembourg,LUX,1987,
Luxembourg,LUX,1988,
Luxembourg,LUX,1989,
Luxembourg,LUX,1990,
Luxembourg,LUX,1991,
Luxembourg,LUX,1992,
Luxembourg,LUX,1993,
Luxembourg,LUX,1994,
Luxembourg,LUX,1995,
Luxembourg,LUX,1996,
Luxembourg,LUX,1997,
Luxembourg,LUX,1998,
Luxembourg,LUX,1999,
Luxembourg,LUX,2000,
Luxembourg,LUX,2001,
Luxembourg,LUX,2002,
Luxembourg,LUX,2003,
Luxembourg,LUX,2004,
Luxembourg,LUX,2005,
Luxembourg,LUX,2006,
Luxembourg,LUX,2007,
Luxembourg,LUX,2008,
Luxembourg,LUX,2009,0.670613945190373
Luxembourg,LUX,2010,0.247232603084001
Luxembourg,LUX,2011,0.379416485489735
Luxembourg,LUX,2012,0.145588493246798
Luxembourg,LUX,2013,0.21316440756553
Luxembourg,LUX,2014,
Luxembourg,LUX,2015,
Luxembourg,LUX,2016,0.904844283559195
Luxembourg,LUX,2017,0.791204996244051
Luxembourg,LUX,2018,0.896966330444118
Luxembourg,LUX,2019,0.738897535704604
Luxembourg,LUX,2020,1.02804099898325
Luxembourg,LUX,2021,1.25487767534596
Luxembourg,LUX,2022,1.58802284953163
Luxembourg,LUX,2023,1.86074359634703
Luxembourg,LUX,2024,2.32000506236889
Luxembourg,LUX,2025,2.23332352559745
Morocco,MAR,1960,
Morocco,MAR,1961,
Morocco,MAR,1962,
Morocco,MAR,1963,
Morocco,MAR,1964,
Morocco,MAR,1965,
Morocco,MAR,1966,
Morocco,MAR,1967,
Morocco,MAR,1968,
Morocco,MAR,1969,
Morocco,MAR,1970,
Morocco,MAR,1971,
Morocco,MAR,1972,
Morocco,MAR,1973,
Morocco,MAR,1974,
Morocco,MAR,1975,
Morocco,MAR,1976,
Morocco,MAR,1977,
Morocco,MAR,1978,
Morocco,MAR,1979,
Morocco,MAR,1980,
Morocco,MAR,1981,
Morocco,MAR,1982,
Morocco,MAR,1983,
Morocco,MAR,1984,
Morocco,MAR,1985,
Morocco,MAR,1986,
Morocco,MAR,1987,
Morocco,MAR,1988,
Morocco,MAR,1989,
Morocco,MAR,1990,
Morocco,MAR,1991,
Morocco,MAR,1992,
Morocco,MAR,1993,
Morocco,MAR,1994,
Morocco,MAR,1995,
Morocco,MAR,1996,
Morocco,MAR,1997,
Morocco,MAR,1998,
Morocco,MAR,1999,
Morocco,MAR,2000,
Morocco,MAR,2001,
Morocco,MAR,2002,
Morocco,MAR,2003,
Morocco,MAR,2004,
Morocco,MAR,2005,
Morocco,MAR,2006,
Morocco,MAR,2007,
Morocco,MAR,2008,
Morocco,MAR,2009,
Morocco,MAR,2010,
Morocco,MAR,2011,5.44855241763618
Morocco,MAR,2012,5.74656037615339
Morocco,MAR,2013,6.62387078084964
Morocco,MAR,2014,7.26696282330555
Morocco,MAR,2015,7.67129786194117
Morocco,MAR,2016,8.07938649012445
Morocco,MAR,2017,7.60581163179934
Morocco,MAR,2018,7.72518485920519
Morocco,MAR,2019,7.86756194132143
Morocco,MAR,2020,8.79376526247322
Morocco,MAR,2021,9.05863022934855
Morocco,MAR,2022,8.68360679573923
Morocco,MAR,2023,8.48309408041805
Morocco,MAR,2024,8.18776433111185
Morocco,MAR,2025,
Mexico,MEX,1960,
Mexico,MEX,1961,
Mexico,MEX,1962,
Mexico,MEX,1963,
Mexico,MEX,1964,
Mexico,MEX,1965,
Mexico,MEX,1966,
Mexico,MEX,1967,
Mexico,MEX,1968,
Mexico,MEX,1969,
Mexico,MEX,1970,
Mexico,MEX,1971,
Mexico,MEX,1972,
Mexico,MEX,1973,
Mexico,MEX,1974,
Mexico,MEX,1975,
Mexico,MEX,1976,
Mexico,MEX,1977,
Mexico,MEX,1978,
Mexico,MEX,1979,
Mexico,MEX,1980,
Mexico,MEX,1981,
Mexico,MEX,1982,
Mexico,MEX,1983,
Mexico,MEX,1984,
Mexico,MEX,1985,
Mexico,MEX,1986,
Mexico,MEX,1987,
Mexico,MEX,1988,
Mexico,MEX,1989,
Mexico,MEX,1990,
Mexico,MEX,1991,
Mexico,MEX,1992,
Mexico,MEX,1993,
Mexico,MEX,1994,
Mexico,MEX,1995,
Mexico,MEX,1996,
Mexico,MEX,1997,
Mexico,MEX,1998,
Mexico,MEX,1999,
Mexico,MEX,2000,
Mexico,MEX,2001,
Mexico,MEX,2002,
Mexico,MEX,2003,
Mexico,MEX,2004,
Mexico,MEX,2005,1.81638248738847
Mexico,MEX,2006,1.9944212361405
Mexico,MEX,2007,2.5413127799359
Mexico,MEX,2008,3.20802543521284
Mexico,MEX,2009,3.06903578149086
Mexico,MEX,2010,2.32838597424659
Mexico,MEX,2011,2.44685147061431
Mexico,MEX,2012,2.52922017747362
Mexico,MEX,2013,3.36157018477857
Mexico,MEX,2014,3.13402337702184
Mexico,MEX,2015,2.6044102180781
Mexico,MEX,2016,2.14676314546594
Mexico,MEX,2017,2.14605834181442
Mexico,MEX,2018,2.1077378613675
Mexico,MEX,2019,2.20172618969779
Mexico,MEX,2020,2.56401799892127
Mexico,MEX,2021,2.04852607538267
Mexico,MEX,2022,2.08482456008447
Mexico,MEX,2023,2.07732748969618
Mexico,MEX,2024,2.01603884670162
Mexico,MEX,2025,2.17060951477006
North Macedonia,MKD,1960,
North Macedonia,MKD,1961,
North Macedonia,MKD,1962,
North Macedonia,MKD,1963,
North Macedonia,MKD,1964,
North Macedonia,MKD,1965,
North Macedonia,MKD,1966,
North Macedonia,MKD,1967,
North Macedonia,MKD,1968,
North Macedonia,MKD,1969,
North Macedonia,MKD,1970,
North Macedonia,MKD,1971,
North Macedonia,MKD,1972,
North Macedonia,MKD,1973,
North Macedonia,MKD,1974,
North Macedonia,MKD,1975,
North Macedonia,MKD,1976,
North Macedonia,MKD,1977,
North Macedonia,MKD,1978,
North Macedonia,MKD,1979,
North Macedonia,MKD,1980,
North Macedonia,MKD,1981,
North Macedonia,MKD,1982,
North Macedonia,MKD,1983,
North Macedonia,MKD,1984,
North Macedonia,MKD,1985,
North Macedonia,MKD,1986,
North Macedonia,MKD,1987,
North Macedonia,MKD,1988,
North Macedonia,MKD,1989,
North Macedonia,MKD,1990,
North Macedonia,MKD,1991,
North Macedonia,MKD,1992,
North Macedonia,MKD,1993,
North Macedonia,MKD,1994,
North Macedonia,MKD,1995,
North Macedonia,MKD,1996,
North Macedonia,MKD,1997,
North Macedonia,MKD,1998,
North Macedonia,MKD,1999,
North Macedonia,MKD,2000,
North Macedonia,MKD,2001,
North Macedonia,MKD,2002,
North Macedonia,MKD,2003,
North Macedonia,MKD,2004,
North Macedonia,MKD,2005,14.8928467760632
North Macedonia,MKD,2006,11.2137062334098
North Macedonia,MKD,2007,7.51448842858048
North Macedonia,MKD,2008,6.7146262287809
North Macedonia,MKD,2009,8.93736962216569
North Macedonia,MKD,2010,9.04070956501971
North Macedonia,MKD,2011,9.52269121137581
North Macedonia,MKD,2012,10.1123971304148
North Macedonia,MKD,2013,10.9395684304262
North Macedonia,MKD,2014,10.8059133941613
North Macedonia,MKD,2015,10.3144498806433
North Macedonia,MKD,2016,6.28661409822794
North Macedonia,MKD,2017,6.09844460015566
North Macedonia,MKD,2018,5.03609299230043
North Macedonia,MKD,2019,4.62471134653537
North Macedonia,MKD,2020,3.26129559130556
North Macedonia,MKD,2021,3.13085707013006
North Macedonia,MKD,2022,2.79003002094012
North Macedonia,MKD,2023,2.66786768882009
North Macedonia,MKD,2024,2.59408148305809
North Macedonia,MKD,2025,1.93987071192671
Malaysia,MYS,1960,
Malaysia,MYS,1961,
Malaysia,MYS,1962,
Malaysia,MYS,1963,
Malaysia,MYS,1964,
Malaysia,MYS,1965,
Malaysia,MYS,1966,
Malaysia,MYS,1967,
Malaysia,MYS,1968,
Malaysia,MYS,1969,
Malaysia,MYS,1970,
Malaysia,MYS,1971,
Malaysia,MYS,1972,
Malaysia,MYS,1973,
Malaysia,MYS,1974,
Malaysia,MYS,1975,
Malaysia,MYS,1976,
Malaysia,MYS,1977,
Malaysia,MYS,1978,
Malaysia,MYS,1979,
Malaysia,MYS,1980,
Malaysia,MYS,1981,
Malaysia,MYS,1982,
Malaysia,MYS,1983,
Malaysia,MYS,1984,
Malaysia,MYS,1985,
Malaysia,MYS,1986,
Malaysia,MYS,1987,
Malaysia,MYS,1988,
Malaysia,MYS,1989,
Malaysia,MYS,1990,
Malaysia,MYS,1991,
Malaysia,MYS,1992,
Malaysia,MYS,1993,
Malaysia,MYS,1994,
Malaysia,MYS,1995,
Malaysia,MYS,1996,
Malaysia,MYS,1997,
Malaysia,MYS,1998,
Malaysia,MYS,1999,
Malaysia,MYS,2000,
Malaysia,MYS,2001,
Malaysia,MYS,2002,
Malaysia,MYS,2003,
Malaysia,MYS,2004,
Malaysia,MYS,2005,9.3902395222525
Malaysia,MYS,2006,8.49559864909982
Malaysia,MYS,2007,6.49881057815871
Malaysia,MYS,2008,4.8081809717361
Malaysia,MYS,2009,3.62656549307932
Malaysia,MYS,2010,3.35402670735157
Malaysia,MYS,2011,2.6813903080324
Malaysia,MYS,2012,2.01584311320695
Malaysia,MYS,2013,1.84914657141207
Malaysia,MYS,2014,1.64578545979142
Malaysia,MYS,2015,1.60682828804839
Malaysia,MYS,2016,1.61426825593083
Malaysia,MYS,2017,1.54918722685231
Malaysia,MYS,2018,1.46819096481044
Malaysia,MYS,2019,1.51612089778373
Malaysia,MYS,2020,1.56712671073386
Malaysia,MYS,2021,1.67512094984982
Malaysia,MYS,2022,1.71862466561031
Malaysia,MYS,2023,1.65317552035746
Malaysia,MYS,2024,1.4445175031204
Malaysia,MYS,2025,1.36970902816722
Netherlands,NLD,1960,
Netherlands,NLD,1961,
Netherlands,NLD,1962,
Netherlands,NLD,1963,
Netherlands,NLD,1964,
Netherlands,NLD,1965,
Netherlands,NLD,1966,
Netherlands,NLD,1967,
Netherlands,NLD,1968,
Netherlands,NLD,1969,
Netherlands,NLD,1970,
Netherlands,NLD,1971,
Netherlands,NLD,1972,
Netherlands,NLD,1973,
Netherlands,NLD,1974,
Netherlands,NLD,1975,
Netherlands,NLD,1976,
Netherlands,NLD,1977,
Netherlands,NLD,1978,
Netherlands,NLD,1979,
Netherlands,NLD,1980,
Netherlands,NLD,1981,
Netherlands,NLD,1982,
Netherlands,NLD,1983,
Netherlands,NLD,1984,
Netherlands,NLD,1985,
Netherlands,NLD,1986,
Netherlands,NLD,1987,
Netherlands,NLD,1988,
Netherlands,NLD,1989,
Netherlands,NLD,1990,
Netherlands,NLD,1991,
Netherlands,NLD,1992,
Netherlands,NLD,1993,
Netherlands,NLD,1994,
Netherlands,NLD,1995,
Netherlands,NLD,1996,
Netherlands,NLD,1997,
Netherlands,NLD,1998,
Netherlands,NLD,1999,
Netherlands,NLD,2000,
Netherlands,NLD,2001,
Netherlands,NLD,2002,
Netherlands,NLD,2003,
Netherlands,NLD,2004,
Netherlands,NLD,2005,
Netherlands,NLD,2006,
Netherlands,NLD,2007,
Netherlands,NLD,2008,1.68139773681757
Netherlands,NLD,2009,3.20168767980185
Netherlands,NLD,2010,2.83234869790715
Netherlands,NLD,2011,2.71087690835902
Netherlands,NLD,2012,3.09784428543665
Netherlands,NLD,2013,3.22716888618911
Netherlands,NLD,2014,2.98266215275663
Netherlands,NLD,2015,2.71198466589928
Netherlands,NLD,2016,2.54052744825368
Netherlands,NLD,2017,2.30542707664559
Netherlands,NLD,2018,1.95988149570236
Netherlands,NLD,2019,1.83446077218657
Netherlands,NLD,2020,1.87864539454561
Netherlands,NLD,2021,1.72417915273341
Netherlands,NLD,2022,1.60064591800168
Netherlands,NLD,2023,1.55160063687098
Netherlands,NLD,2024,1.63696844977663
Netherlands,NLD,2025,1.4402786631221
Norway,NOR,1960,
Norway,NOR,1961,
Norway,NOR,1962,
Norway,NOR,1963,
Norway,NOR,1964,
Norway,NOR,1965,
Norway,NOR,1966,
Norway,NOR,1967,
Norway,NOR,1968,
Norway,NOR,1969,
Norway,NOR,1970,
Norway,NOR,1971,
Norway,NOR,1972,
Norway,NOR,1973,
Norway,NOR,1974,
Norway,NOR,1975,
Norway,NOR,1976,
Norway,NOR,1977,
Norway,NOR,1978,
Norway,NOR,1979,
Norway,NOR,1980,
Norway,NOR,1981,
Norway,NOR,1982,
Norway,NOR,1983,
Norway,NOR,1984,
Norway,NOR,1985,
Norway,NOR,1986,
Norway,NOR,1987,
Norway,NOR,1988,
Norway,NOR,1989,
Norway,NOR,1990,
Norway,NOR,1991,
Norway,NOR,1992,
Norway,NOR,1993,
Norway,NOR,1994,
Norway,NOR,1995,
Norway,NOR,1996,
Norway,NOR,1997,
Norway,NOR,1998,
Norway,NOR,1999,
Norway,NOR,2000,
Norway,NOR,2001,
Norway,NOR,2002,
Norway,NOR,2003,
Norway,NOR,2004,
Norway,NOR,2005,
Norway,NOR,2006,
Norway,NOR,2007,
Norway,NOR,2008,
Norway,NOR,2009,1.27871052608886
Norway,NOR,2010,1.51981365217833
Norway,NOR,2011,1.68434907314772
Norway,NOR,2012,1.51215755076448
Norway,NOR,2013,1.33872670729875
Norway,NOR,2014,1.13088790719265
Norway,NOR,2015,1.0533756114736
Norway,NOR,2016,1.18473037859688
Norway,NOR,2017,1.00040357973015
Norway,NOR,2018,0.746427849824662
Norway,NOR,2019,0.801131694159603
Norway,NOR,2020,0.736074194281787
Norway,NOR,2021,0.525489505428338
Norway,NOR,2022,0.272360168200376
Norway,NOR,2023,0.375146721887061
Norway,NOR,2024,0.460629010542218
Norway,NOR,2025,0.448877297874308
New Zealand,NZL,1960,
New Zealand,NZL,1961,
New Zealand,NZL,1962,
New Zealand,NZL,1963,
New Zealand,NZL,1964,
New Zealand,NZL,1965,
New Zealand,NZL,1966,
New Zealand,NZL,1967,
New Zealand,NZL,1968,
New Zealand,NZL,1969,
New Zealand,NZL,1970,
New Zealand,NZL,1971,
New Zealand,NZL,1972,
New Zealand,NZL,1973,
New Zealand,NZL,1974,
New Zealand,NZL,1975,
New Zealand,NZL,1976,
New Zealand,NZL,1977,
New Zealand,NZL,1978,
New Zealand,NZL,1979,
New Zealand,NZL,1980,
New Zealand,NZL,1981,
New Zealand,NZL,1982,
New Zealand,NZL,1983,
New Zealand,NZL,1984,
New Zealand,NZL,1985,
New Zealand,NZL,1986,
New Zealand,NZL,1987,
New Zealand,NZL,1988,
New Zealand,NZL,1989,
New Zealand,NZL,1990,
New Zealand,NZL,1991,
New Zealand,NZL,1992,
New Zealand,NZL,1993,
New Zealand,NZL,1994,
New Zealand,NZL,1995,
New Zealand,NZL,1996,
New Zealand,NZL,1997,
New Zealand,NZL,1998,
New Zealand,NZL,1999,
New Zealand,NZL,2000,
New Zealand,NZL,2001,
New Zealand,NZL,2002,
New Zealand,NZL,2003,
New Zealand,NZL,2004,
New Zealand,NZL,2005,
New Zealand,NZL,2006,
New Zealand,NZL,2007,
New Zealand,NZL,2008,
New Zealand,NZL,2009,
New Zealand,NZL,2010,
New Zealand,NZL,2011,
New Zealand,NZL,2012,
New Zealand,NZL,2013,
New Zealand,NZL,2014,
New Zealand,NZL,2015,
New Zealand,NZL,2016,
New Zealand,NZL,2017,
New Zealand,NZL,2018,
New Zealand,NZL,2019,
New Zealand,NZL,2020,
New Zealand,NZL,2021,
New Zealand,NZL,2022,
New Zealand,NZL,2023,
New Zealand,NZL,2024,
New Zealand,NZL,2025,
Peru,PER,1960,
Peru,PER,1961,
Peru,PER,1962,
Peru,PER,1963,
Peru,PER,1964,
Peru,PER,1965,
Peru,PER,1966,
Peru,PER,1967,
Peru,PER,1968,
Peru,PER,1969,
Peru,PER,1970,
Peru,PER,1971,
Peru,PER,1972,
Peru,PER,1973,
Peru,PER,1974,
Peru,PER,1975,
Peru,PER,1976,
Peru,PER,1977,
Peru,PER,1978,
Peru,PER,1979,
Peru,PER,1980,
Peru,PER,1981,
Peru,PER,1982,
Peru,PER,1983,
Peru,PER,1984,
Peru,PER,1985,
Peru,PER,1986,
Peru,PER,1987,
Peru,PER,1988,
Peru,PER,1989,
Peru,PER,1990,
Peru,PER,1991,
Peru,PER,1992,
Peru,PER,1993,
Peru,PER,1994,
Peru,PER,1995,
Peru,PER,1996,
Peru,PER,1997,
Peru,PER,1998,
Peru,PER,1999,
Peru,PER,2000,
Peru,PER,2001,
Peru,PER,2002,
Peru,PER,2003,
Peru,PER,2004,
Peru,PER,2005,
Peru,PER,2006,
Peru,PER,2007,
Peru,PER,2008,
Peru,PER,2009,
Peru,PER,2010,1.86763486280351
Peru,PER,2011,1.83888954526962
Peru,PER,2012,2.16669888688339
Peru,PER,2013,2.52532864724646
Peru,PER,2014,2.86635234019297
Peru,PER,2015,2.82627141447332
Peru,PER,2016,3.03691673128784
Peru,PER,2017,3.26099813127161
Peru,PER,2018,3.27104963481758
Peru,PER,2019,3.36599445858728
Peru,PER,2020,4.12760856551142
Peru,PER,2021,3.90874696659241
Peru,PER,2022,4.1165128325684
Peru,PER,2023,4.48043564056431
Peru,PER,2024,3.99027241122428
Peru,PER,2025,
Philippines,PHL,1960,
Philippines,PHL,1961,
Philippines,PHL,1962,
Philippines,PHL,1963,
Philippines,PHL,1964,
Philippines,PHL,1965,
Philippines,PHL,1966,
Philippines,PHL,1967,
Philippines,PHL,1968,
Philippines,PHL,1969,
Philippines,PHL,1970,
Philippines,PHL,1971,
Philippines,PHL,1972,
Philippines,PHL,1973,
Philippines,PHL,1974,
Philippines,PHL,1975,
Philippines,PHL,1976,
Philippines,PHL,1977,
Philippines,PHL,1978,
Philippines,PHL,1979,
Philippines,PHL,1980,
Philippines,PHL,1981,
Philippines,PHL,1982,
Philippines,PHL,1983,
Philippines,PHL,1984,
Philippines,PHL,1985,
Philippines,PHL,1986,
Philippines,PHL,1987,
Philippines,PHL,1988,
Philippines,PHL,1989,
Philippines,PHL,1990,
Philippines,PHL,1991,
Philippines,PHL,1992,
Philippines,PHL,1993,
Philippines,PHL,1994,
Philippines,PHL,1995,
Philippines,PHL,1996,
Philippines,PHL,1997,
Philippines,PHL,1998,
Philippines,PHL,1999,
Philippines,PHL,2000,
Philippines,PHL,2001,
Philippines,PHL,2002,
Philippines,PHL,2003,
Philippines,PHL,2004,
Philippines,PHL,2005,
Philippines,PHL,2006,
Philippines,PHL,2007,
Philippines,PHL,2008,
Philippines,PHL,2009,3.46095790428878
Philippines,PHL,2010,3.34951747323682
Philippines,PHL,2011,2.52887904557002
Philippines,PHL,2012,2.20068041783045
Philippines,PHL,2013,2.44086452225224
Philippines,PHL,2014,2.02468665436273
Philippines,PHL,2015,1.88547820763549
Philippines,PHL,2016,1.71584803855675
Philippines,PHL,2017,1.5793111524775
Philippines,PHL,2018,1.67363606149179
Philippines,PHL,2019,1.97428417462378
Philippines,PHL,2020,3.53246213156459
Philippines,PHL,2021,3.95540769439997
Philippines,PHL,2022,3.13384020777967
Philippines,PHL,2023,3.18581223118339
Philippines,PHL,2024,3.1976702517554
Philippines,PHL,2025,3.01861585862953
Poland,POL,1960,
Poland,POL,1961,
Poland,POL,1962,
Poland,POL,1963,
Poland,POL,1964,
Poland,POL,1965,
Poland,POL,1966,
Poland,POL,1967,
Poland,POL,1968,
Poland,POL,1969,
Poland,POL,1970,
Poland,POL,1971,
Poland,POL,1972,
Poland,POL,1973,
Poland,POL,1974,
Poland,POL,1975,
Poland,POL,1976,
Poland,POL,1977,
Poland,POL,1978,
Poland,POL,1979,
Poland,POL,1980,
Poland,POL,1981,
Poland,POL,1982,
Poland,POL,1983,
Poland,POL,1984,
Poland,POL,1985,
Poland,POL,1986,
Poland,POL,1987,
Poland,POL,1988,
Poland,POL,1989,
Poland,POL,1990,
Poland,POL,1991,
Poland,POL,1992,
Poland,POL,1993,
Poland,POL,1994,
Poland,POL,1995,
Poland,POL,1996,
Poland,POL,1997,
Poland,POL,1998,
Poland,POL,1999,
Poland,POL,2000,
Poland,POL,2001,
Poland,POL,2002,
Poland,POL,2003,
Poland,POL,2004,
Poland,POL,2005,
Poland,POL,2006,
Poland,POL,2007,
Poland,POL,2008,2.82208199288244
Poland,POL,2009,4.08301602290229
Poland,POL,2010,4.70497582133692
Poland,POL,2011,4.53797781890378
Poland,POL,2012,4.92137936955479
Poland,POL,2013,4.79348889261062
Poland,POL,2014,4.61948181975494
Poland,POL,2015,4.16510529138445
Poland,POL,2016,3.93108996669006
Poland,POL,2017,3.83219672759303
Poland,POL,2018,3.86657827897154
Poland,POL,2019,3.81150994513216
Poland,POL,2020,3.71722963023515
Poland,POL,2021,2.85023106835434
Poland,POL,2022,2.43227662321668
Poland,POL,2023,2.32399482814849
Poland,POL,2024,1.78153481819135
Poland,POL,2025,1.59098477098429
Portugal,PRT,1960,
Portugal,PRT,1961,
Portugal,PRT,1962,
Portugal,PRT,1963,
Portugal,PRT,1964,
Portugal,PRT,1965,
Portugal,PRT,1966,
Portugal,PRT,1967,
Portugal,PRT,1968,
Portugal,PRT,1969,
Portugal,PRT,1970,
Portugal,PRT,1971,
Portugal,PRT,1972,
Portugal,PRT,1973,
Portugal,PRT,1974,
Portugal,PRT,1975,
Portugal,PRT,1976,
Portugal,PRT,1977,
Portugal,PRT,1978,
Portugal,PRT,1979,
Portugal,PRT,1980,
Portugal,PRT,1981,
Portugal,PRT,1982,
Portugal,PRT,1983,
Portugal,PRT,1984,
Portugal,PRT,1985,
Portugal,PRT,1986,
Portugal,PRT,1987,
Portugal,PRT,1988,
Portugal,PRT,1989,
Portugal,PRT,1990,
Portugal,PRT,1991,
Portugal,PRT,1992,
Portugal,PRT,1993,
Portugal,PRT,1994,
Portugal,PRT,1995,
Portugal,PRT,1996,
Portugal,PRT,1997,
Portugal,PRT,1998,
Portugal,PRT,1999,
Portugal,PRT,2000,
Portugal,PRT,2001,
Portugal,PRT,2002,
Portugal,PRT,2003,
Portugal,PRT,2004,
Portugal,PRT,2005,
Portugal,PRT,2006,
Portugal,PRT,2007,2.402987475193
Portugal,PRT,2008,3.20857811603958
Portugal,PRT,2009,4.47774053191898
Portugal,PRT,2010,4.81369446409075
Portugal,PRT,2011,6.58524987406531
Portugal,PRT,2012,8.47930510282067
Portugal,PRT,2013,9.56475761795516
Portugal,PRT,2014,10.8840579283017
Portugal,PRT,2015,17.6784152469731
Portugal,PRT,2016,17.2783688162153
Portugal,PRT,2017,14.1599573187475
Portugal,PRT,2018,10.1876415339655
Portugal,PRT,2019,6.78401726884444
Portugal,PRT,2020,5.60342554555474
Portugal,PRT,2021,4.57897942169444
Portugal,PRT,2022,3.6191746300687
Portugal,PRT,2023,3.13622776694512
Portugal,PRT,2024,2.79903801270908
Portugal,PRT,2025,2.34411977689431
Romania,ROU,1960,
Romania,ROU,1961,
Romania,ROU,1962,
Romania,ROU,1963,
Romania,ROU,1964,
Romania,ROU,1965,
Romania,ROU,1966,
Romania,ROU,1967,
Romania,ROU,1968,
Romania,ROU,1969,
Romania,ROU,1970,
Romania,ROU,1971,
Romania,ROU,1972,
Romania,ROU,1973,
Romania,ROU,1974,
Romania,ROU,1975,
Romania,ROU,1976,
Romania,ROU,1977,
Romania,ROU,1978,
Romania,ROU,1979,
Romania,ROU,1980,
Romania,ROU,1981,
Romania,ROU,1982,
Romania,ROU,1983,
Romania,ROU,1984,
Romania,ROU,1985,
Romania,ROU,1986,
Romania,ROU,1987,
Romania,ROU,1988,
Romania,ROU,1989,
Romania,ROU,1990,
Romania,ROU,1991,
Romania,ROU,1992,
Romania,ROU,1993,
Romania,ROU,1994,
Romania,ROU,1995,
Romania,ROU,1996,
Romania,ROU,1997,
Romania,ROU,1998,
Romania,ROU,1999,
Romania,ROU,2000,
Romania,ROU,2001,
Romania,ROU,2002,
Romania,ROU,2003,
Romania,ROU,2004,
Romania,ROU,2005,
Romania,ROU,2006,
Romania,ROU,2007,2.58539372816182
Romania,ROU,2008,2.74650265367714
Romania,ROU,2009,7.89184425906007
Romania,ROU,2010,11.8538634983106
Romania,ROU,2011,14.3279565951415
Romania,ROU,2012,18.2374449705832
Romania,ROU,2013,21.872974775198
Romania,ROU,2014,13.9376956709832
Romania,ROU,2015,16.1343770279822
Romania,ROU,2016,11.3821126641511
Romania,ROU,2017,7.6552442828254
Romania,ROU,2018,5.59069140441419
Romania,ROU,2019,4.70370876212337
Romania,ROU,2020,4.52148801977923
Romania,ROU,2021,3.86600747872832
Romania,ROU,2022,3.04351613618208
Romania,ROU,2023,2.90081433195069
Romania,ROU,2024,2.84615726921326
Romania,ROU,2025,3.10895440478614
Russian Federation,RUS,1960,
Russian Federation,RUS,1961,
Russian Federation,RUS,1962,
Russian Federation,RUS,1963,
Russian Federation,RUS,1964,
Russian Federation,RUS,1965,
Russian Federation,RUS,1966,
Russian Federation,RUS,1967,
Russian Federation,RUS,1968,
Russian Federation,RUS,1969,
Russian Federation,RUS,1970,
Russian Federation,RUS,1971,
Russian Federation,RUS,1972,
Russian Federation,RUS,1973,
Russian Federation,RUS,1974,
Russian Federation,RUS,1975,
Russian Federation,RUS,1976,
Russian Federation,RUS,1977,
Russian Federation,RUS,1978,
Russian Federation,RUS,1979,
Russian Federation,RUS,1980,
Russian Federation,RUS,1981,
Russian Federation,RUS,1982,
Russian Federation,RUS,1983,
Russian Federation,RUS,1984,
Russian Federation,RUS,1985,
Russian Federation,RUS,1986,
Russian Federation,RUS,1987,
Russian Federation,RUS,1988,
Russian Federation,RUS,1989,
Russian Federation,RUS,1990,
Russian Federation,RUS,1991,
Russian Federation,RUS,1992,
Russian Federation,RUS,1993,
Russian Federation,RUS,1994,
Russian Federation,RUS,1995,
Russian Federation,RUS,1996,
Russian Federation,RUS,1997,
Russian Federation,RUS,1998,
Russian Federation,RUS,1999,
Russian Federation,RUS,2000,
Russian Federation,RUS,2001,
Russian Federation,RUS,2002,
Russian Federation,RUS,2003,
Russian Federation,RUS,2004,
Russian Federation,RUS,2005,
Russian Federation,RUS,2006,
Russian Federation,RUS,2007,
Russian Federation,RUS,2008,3.81172366116837
Russian Federation,RUS,2009,9.58055783170298
Russian Federation,RUS,2010,8.30661167313489
Russian Federation,RUS,2011,6.62814262110441
Russian Federation,RUS,2012,6.05937220678027
Russian Federation,RUS,2013,6.01730651081845
Russian Federation,RUS,2014,6.81325840246744
Russian Federation,RUS,2015,8.37596711898549
Russian Federation,RUS,2016,9.24076995498894
Russian Federation,RUS,2017,9.65589344602211
Russian Federation,RUS,2018,9.74675740899047
Russian Federation,RUS,2019,8.82848632528604
Russian Federation,RUS,2020,8.16184118410632
Russian Federation,RUS,2021,6.10135444843519
Russian Federation,RUS,2022,5.50983446091328
Russian Federation,RUS,2023,4.50692606999785
Russian Federation,RUS,2024,
Russian Federation,RUS,2025,
Saudi Arabia,SAU,1960,
Saudi Arabia,SAU,1961,
Saudi Arabia,SAU,1962,
Saudi Arabia,SAU,1963,
Saudi Arabia,SAU,1964,
Saudi Arabia,SAU,1965,
Saudi Arabia,SAU,1966,
Saudi Arabia,SAU,1967,
Saudi Arabia,SAU,1968,
Saudi Arabia,SAU,1969,
Saudi Arabia,SAU,1970,
Saudi Arabia,SAU,1971,
Saudi Arabia,SAU,1972,
Saudi Arabia,SAU,1973,
Saudi Arabia,SAU,1974,
Saudi Arabia,SAU,1975,
Saudi Arabia,SAU,1976,
Saudi Arabia,SAU,1977,
Saudi Arabia,SAU,1978,
Saudi Arabia,SAU,1979,
Saudi Arabia,SAU,1980,
Saudi Arabia,SAU,1981,
Saudi Arabia,SAU,1982,
Saudi Arabia,SAU,1983,
Saudi Arabia,SAU,1984,
Saudi Arabia,SAU,1985,
Saudi Arabia,SAU,1986,
Saudi Arabia,SAU,1987,
Saudi Arabia,SAU,1988,
Saudi Arabia,SAU,1989,
Saudi Arabia,SAU,1990,
Saudi Arabia,SAU,1991,
Saudi Arabia,SAU,1992,
Saudi Arabia,SAU,1993,
Saudi Arabia,SAU,1994,
Saudi Arabia,SAU,1995,
Saudi Arabia,SAU,1996,
Saudi Arabia,SAU,1997,
Saudi Arabia,SAU,1998,
Saudi Arabia,SAU,1999,
Saudi Arabia,SAU,2000,
Saudi Arabia,SAU,2001,
Saudi Arabia,SAU,2002,
Saudi Arabia,SAU,2003,
Saudi Arabia,SAU,2004,
Saudi Arabia,SAU,2005,
Saudi Arabia,SAU,2006,
Saudi Arabia,SAU,2007,
Saudi Arabia,SAU,2008,
Saudi Arabia,SAU,2009,3.28697148338663
Saudi Arabia,SAU,2010,2.96818471895202
Saudi Arabia,SAU,2011,2.22411986474196
Saudi Arabia,SAU,2012,1.6697936801687
Saudi Arabia,SAU,2013,1.30683882837442
Saudi Arabia,SAU,2014,1.08033805274768
Saudi Arabia,SAU,2015,1.23698687005172
Saudi Arabia,SAU,2016,1.38335895995773
Saudi Arabia,SAU,2017,1.61364907195792
Saudi Arabia,SAU,2018,1.95231785727138
Saudi Arabia,SAU,2019,1.85839038526168
Saudi Arabia,SAU,2020,2.21159921239074
Saudi Arabia,SAU,2021,1.86810170169937
Saudi Arabia,SAU,2022,1.80253047265234
Saudi Arabia,SAU,2023,1.51347587802945
Saudi Arabia,SAU,2024,1.24535587233852
Saudi Arabia,SAU,2025,1.03781619190087
Singapore,SGP,1960,
Singapore,SGP,1961,
Singapore,SGP,1962,
Singapore,SGP,1963,
Singapore,SGP,1964,
Singapore,SGP,1965,
Singapore,SGP,1966,
Singapore,SGP,1967,
Singapore,SGP,1968,
Singapore,SGP,1969,
Singapore,SGP,1970,
Singapore,SGP,1971,
Singapore,SGP,1972,
Singapore,SGP,1973,
Singapore,SGP,1974,
Singapore,SGP,1975,
Singapore,SGP,1976,
Singapore,SGP,1977,
Singapore,SGP,1978,
Singapore,SGP,1979,
Singapore,SGP,1980,
Singapore,SGP,1981,
Singapore,SGP,1982,
Singapore,SGP,1983,
Singapore,SGP,1984,
Singapore,SGP,1985,
Singapore,SGP,1986,
Singapore,SGP,1987,
Singapore,SGP,1988,
Singapore,SGP,1989,
Singapore,SGP,1990,
Singapore,SGP,1991,
Singapore,SGP,1992,
Singapore,SGP,1993,
Singapore,SGP,1994,
Singapore,SGP,1995,
Singapore,SGP,1996,
Singapore,SGP,1997,
Singapore,SGP,1998,
Singapore,SGP,1999,
Singapore,SGP,2000,
Singapore,SGP,2001,
Singapore,SGP,2002,
Singapore,SGP,2003,
Singapore,SGP,2004,
Singapore,SGP,2005,
Singapore,SGP,2006,
Singapore,SGP,2007,
Singapore,SGP,2008,1.42549965541006
Singapore,SGP,2009,2.03438434173328
Singapore,SGP,2010,1.40635425755787
Singapore,SGP,2011,1.06045560853893
Singapore,SGP,2012,1.04262808908742
Singapore,SGP,2013,0.866941606339939
Singapore,SGP,2014,0.756532862271537
Singapore,SGP,2015,0.92406290512104
Singapore,SGP,2016,1.22253307180161
Singapore,SGP,2017,1.40020092664899
Singapore,SGP,2018,1.30951785160199
Singapore,SGP,2019,1.30642223339991
Singapore,SGP,2020,
Singapore,SGP,2021,
Singapore,SGP,2022,
Singapore,SGP,2023,
Singapore,SGP,2024,
Singapore,SGP,2025,
Serbia,SRB,1960,
Serbia,SRB,1961,
Serbia,SRB,1962,
Serbia,SRB,1963,
Serbia,SRB,1964,
Serbia,SRB,1965,
Serbia,SRB,1966,
Serbia,SRB,1967,
Serbia,SRB,1968,
Serbia,SRB,1969,
Serbia,SRB,1970,
Serbia,SRB,1971,
Serbia,SRB,1972,
Serbia,SRB,1973,
Serbia,SRB,1974,
Serbia,SRB,1975,
Serbia,SRB,1976,
Serbia,SRB,1977,
Serbia,SRB,1978,
Serbia,SRB,1979,
Serbia,SRB,1980,
Serbia,SRB,1981,
Serbia,SRB,1982,
Serbia,SRB,1983,
Serbia,SRB,1984,
Serbia,SRB,1985,
Serbia,SRB,1986,
Serbia,SRB,1987,
Serbia,SRB,1988,
Serbia,SRB,1989,
Serbia,SRB,1990,
Serbia,SRB,1991,
Serbia,SRB,1992,
Serbia,SRB,1993,
Serbia,SRB,1994,
Serbia,SRB,1995,
Serbia,SRB,1996,
Serbia,SRB,1997,
Serbia,SRB,1998,
Serbia,SRB,1999,
Serbia,SRB,2000,
Serbia,SRB,2001,
Serbia,SRB,2002,
Serbia,SRB,2003,
Serbia,SRB,2004,
Serbia,SRB,2005,
Serbia,SRB,2006,
Serbia,SRB,2007,
Serbia,SRB,2008,
Serbia,SRB,2009,
Serbia,SRB,2010,
Serbia,SRB,2011,
Serbia,SRB,2012,
Serbia,SRB,2013,
Serbia,SRB,2014,
Serbia,SRB,2015,
Serbia,SRB,2016,
Serbia,SRB,2017,
Serbia,SRB,2018,
Serbia,SRB,2019,
Serbia,SRB,2020,
Serbia,SRB,2021,
Serbia,SRB,2022,
Serbia,SRB,2023,
Serbia,SRB,2024,
Serbia,SRB,2025,
Sweden,SWE,1960,
Sweden,SWE,1961,
Sweden,SWE,1962,
Sweden,SWE,1963,
Sweden,SWE,1964,
Sweden,SWE,1965,
Sweden,SWE,1966,
Sweden,SWE,1967,
Sweden,SWE,1968,
Sweden,SWE,1969,
Sweden,SWE,1970,
Sweden,SWE,1971,
Sweden,SWE,1972,
Sweden,SWE,1973,
Sweden,SWE,1974,
Sweden,SWE,1975,
Sweden,SWE,1976,
Sweden,SWE,1977,
Sweden,SWE,1978,
Sweden,SWE,1979,
Sweden,SWE,1980,
Sweden,SWE,1981,
Sweden,SWE,1982,
Sweden,SWE,1983,
Sweden,SWE,1984,
Sweden,SWE,1985,
Sweden,SWE,1986,
Sweden,SWE,1987,
Sweden,SWE,1988,
Sweden,SWE,1989,
Sweden,SWE,1990,
Sweden,SWE,1991,
Sweden,SWE,1992,
Sweden,SWE,1993,
Sweden,SWE,1994,
Sweden,SWE,1995,
Sweden,SWE,1996,
Sweden,SWE,1997,
Sweden,SWE,1998,
Sweden,SWE,1999,
Sweden,SWE,2000,
Sweden,SWE,2001,
Sweden,SWE,2002,
Sweden,SWE,2003,
Sweden,SWE,2004,
Sweden,SWE,2005,
Sweden,SWE,2006,
Sweden,SWE,2007,
Sweden,SWE,2008,
Sweden,SWE,2009,
Sweden,SWE,2010,
Sweden,SWE,2011,
Sweden,SWE,2012,
Sweden,SWE,2013,
Sweden,SWE,2014,
Sweden,SWE,2015,
Sweden,SWE,2016,1.06459067890898
Sweden,SWE,2017,1.11978084734838
Sweden,SWE,2018,0.494908669779694
Sweden,SWE,2019,0.581325196187855
Sweden,SWE,2020,0.513361451406936
Sweden,SWE,2021,0.417650657609338
Sweden,SWE,2022,0.304298366340019
Sweden,SWE,2023,0.381163170019899
Sweden,SWE,2024,0.506332050543119
Sweden,SWE,2025,0.425543790611083
Thailand,THA,1960,
Thailand,THA,1961,
Thailand,THA,1962,
Thailand,THA,1963,
Thailand,THA,1964,
Thailand,THA,1965,
Thailand,THA,1966,
Thailand,THA,1967,
Thailand,THA,1968,
Thailand,THA,1969,
Thailand,THA,1970,
Thailand,THA,1971,
Thailand,THA,1972,
Thailand,THA,1973,
Thailand,THA,1974,
Thailand,THA,1975,
Thailand,THA,1976,
Thailand,THA,1977,
Thailand,THA,1978,
Thailand,THA,1979,
Thailand,THA,1980,
Thailand,THA,1981,
Thailand,THA,1982,
Thailand,THA,1983,
Thailand,THA,1984,
Thailand,THA,1985,
Thailand,THA,1986,
Thailand,THA,1987,
Thailand,THA,1988,
Thailand,THA,1989,
Thailand,THA,1990,
Thailand,THA,1991,
Thailand,THA,1992,
Thailand,THA,1993,
Thailand,THA,1994,
Thailand,THA,1995,
Thailand,THA,1996,
Thailand,THA,1997,
Thailand,THA,1998,
Thailand,THA,1999,
Thailand,THA,2000,
Thailand,THA,2001,
Thailand,THA,2002,
Thailand,THA,2003,
Thailand,THA,2004,
Thailand,THA,2005,
Thailand,THA,2006,7.76759647374961
Thailand,THA,2007,7.59844455870216
Thailand,THA,2008,5.59879211346276
Thailand,THA,2009,5.22061861150824
Thailand,THA,2010,3.88785784505743
Thailand,THA,2011,2.93261853635558
Thailand,THA,2012,2.43018679665442
Thailand,THA,2013,2.30382713124504
Thailand,THA,2014,2.305232984074
Thailand,THA,2015,2.68283086735209
Thailand,THA,2016,2.98569607594999
Thailand,THA,2017,3.07080207643183
Thailand,THA,2018,3.0839449162558
Thailand,THA,2019,3.13027182387348
Thailand,THA,2020,3.23248100828431
Thailand,THA,2021,3.10718391598902
Thailand,THA,2022,2.84397655094515
Thailand,THA,2023,2.7575864291698
Thailand,THA,2024,2.8154168013744
Thailand,THA,2025,
Turkiye,TUR,1960,
Turkiye,TUR,1961,
Turkiye,TUR,1962,
Turkiye,TUR,1963,
Turkiye,TUR,1964,
Turkiye,TUR,1965,
Turkiye,TUR,1966,
Turkiye,TUR,1967,
Turkiye,TUR,1968,
Turkiye,TUR,1969,
Turkiye,TUR,1970,
Turkiye,TUR,1971,
Turkiye,TUR,1972,
Turkiye,TUR,1973,
Turkiye,TUR,1974,
Turkiye,TUR,1975,
Turkiye,TUR,1976,
Turkiye,TUR,1977,
Turkiye,TUR,1978,
Turkiye,TUR,1979,
Turkiye,TUR,1980,
Turkiye,TUR,1981,
Turkiye,TUR,1982,
Turkiye,TUR,1983,
Turkiye,TUR,1984,
Turkiye,TUR,1985,
Turkiye,TUR,1986,
Turkiye,TUR,1987,
Turkiye,TUR,1988,
Turkiye,TUR,1989,
Turkiye,TUR,1990,
Turkiye,TUR,1991,
Turkiye,TUR,1992,
Turkiye,TUR,1993,
Turkiye,TUR,1994,
Turkiye,TUR,1995,
Turkiye,TUR,1996,
Turkiye,TUR,1997,
Turkiye,TUR,1998,
Turkiye,TUR,1999,
Turkiye,TUR,2000,
Turkiye,TUR,2001,
Turkiye,TUR,2002,
Turkiye,TUR,2003,
Turkiye,TUR,2004,
Turkiye,TUR,2005,4.31589850311115
Turkiye,TUR,2006,3.58098683705456
Turkiye,TUR,2007,3.3213977793724
Turkiye,TUR,2008,3.44167340058132
Turkiye,TUR,2009,4.96997625418198
Turkiye,TUR,2010,3.48959158482402
Turkiye,TUR,2011,2.57632211204451
Turkiye,TUR,2012,2.7433675978872
Turkiye,TUR,2013,2.63627102630173
Turkiye,TUR,2014,2.74183131997442
Turkiye,TUR,2015,2.98772329214313
Turkiye,TUR,2016,3.10968373133546
Turkiye,TUR,2017,2.84271365893526
Turkiye,TUR,2018,3.68690904641213
Turkiye,TUR,2019,5.0229492930967
Turkiye,TUR,2020,3.8900924404522
Turkiye,TUR,2021,2.97599400811766
Turkiye,TUR,2022,1.97901752159552
Turkiye,TUR,2023,1.48012751953029
Turkiye,TUR,2024,1.6536819200798
Turkiye,TUR,2025,
United States,USA,1960,
United States,USA,1961,
United States,USA,1962,
United States,USA,1963,
United States,USA,1964,
United States,USA,1965,
United States,USA,1966,
United States,USA,1967,
United States,USA,1968,
United States,USA,1969,
United States,USA,1970,
United States,USA,1971,
United States,USA,1972,
United States,USA,1973,
United States,USA,1974,
United States,USA,1975,
United States,USA,1976,
United States,USA,1977,
United States,USA,1978,
United States,USA,1979,
United States,USA,1980,
United States,USA,1981,
United States,USA,1982,
United States,USA,1983,
United States,USA,1984,
United States,USA,1985,
United States,USA,1986,
United States,USA,1987,
United States,USA,1988,
United States,USA,1989,
United States,USA,1990,
United States,USA,1991,
United States,USA,1992,
United States,USA,1993,
United States,USA,1994,
United States,USA,1995,
United States,USA,1996,
United States,USA,1997,
United States,USA,1998,
United States,USA,1999,
United States,USA,2000,
United States,USA,2001,
United States,USA,2002,
United States,USA,2003,
United States,USA,2004,
United States,USA,2005,
United States,USA,2006,
United States,USA,2007,
United States,USA,2008,
United States,USA,2009,4.95990413551278
United States,USA,2010,4.38774309355535
United States,USA,2011,3.78150447341426
United States,USA,2012,3.31729162388854
United States,USA,2013,2.45239118205518
United States,USA,2014,1.85071180176898
United States,USA,2015,1.47342654705219
United States,USA,2016,1.32052217577727
United States,USA,2017,1.12682415706513
United States,USA,2018,0.913161529735837
United States,USA,2019,0.855251960083455
United States,USA,2020,1.06536914566418
United States,USA,2021,0.813464699477564
United States,USA,2022,0.71607362746051
United States,USA,2023,0.846592385960373
United States,USA,2024,0.972922460845953
United States,USA,2025,0.960307384017485
South Africa,ZAF,1960,
South Africa,ZAF,1961,
South Africa,ZAF,1962,
South Africa,ZAF,1963,
South Africa,ZAF,1964,
South Africa,ZAF,1965,
South Africa,ZAF,1966,
South Africa,ZAF,1967,
South Africa,ZAF,1968,
South Africa,ZAF,1969,
South Africa,ZAF,1970,
South Africa,ZAF,1971,
South Africa,ZAF,1972,
South Africa,ZAF,1973,
South Africa,ZAF,1974,
South Africa,ZAF,1975,
South Africa,ZAF,1976,
South Africa,ZAF,1977,
South Africa,ZAF,1978,
South Africa,ZAF,1979,
South Africa,ZAF,1980,
South Africa,ZAF,1981,
South Africa,ZAF,1982,
South Africa,ZAF,1983,
South Africa,ZAF,1984,
South Africa,ZAF,1985,
South Africa,ZAF,1986,
South Africa,ZAF,1987,
South Africa,ZAF,1988,
South Africa,ZAF,1989,
South Africa,ZAF,1990,
South Africa,ZAF,1991,
South Africa,ZAF,1992,
South Africa,ZAF,1993,
South Africa,ZAF,1994,
South Africa,ZAF,1995,
South Africa,ZAF,1996,
South Africa,ZAF,1997,
South Africa,ZAF,1998,
South Africa,ZAF,1999,
South Africa,ZAF,2000,
South Africa,ZAF,2001,
South Africa,ZAF,2002,
South Africa,ZAF,2003,
South Africa,ZAF,2004,
South Africa,ZAF,2005,
South Africa,ZAF,2006,
South Africa,ZAF,2007,
South Africa,ZAF,2008,3.92151508288564
South Africa,ZAF,2009,5.93611112398251
South Africa,ZAF,2010,5.79213600421704
South Africa,ZAF,2011,4.68085453063316
South Africa,ZAF,2012,4.04289177410579
South Africa,ZAF,2013,3.64128702921644
South Africa,ZAF,2014,3.24484679094119
South Africa,ZAF,2015,3.12168564309893
South Africa,ZAF,2016,2.85780789685003
South Africa,ZAF,2017,2.84200004498428
South Africa,ZAF,2018,3.72802083553832
South Africa,ZAF,2019,3.8923903817602
South Africa,ZAF,2020,5.18028329482246
South Africa,ZAF,2021,4.4542556212951
South Africa,ZAF,2022,4.14167269623936
South Africa,ZAF,2023,4.72216238902933
South Africa,ZAF,2024,4.53555112448807
South Africa,ZAF,2025,
